<rss version="2.0" xmlns:atom="http://www.w3.org/2005/Atom">
  <channel>
    <title>Study Extra Master – EM202 Advanced Naval Architecture</title>
    <link>https://anirbanmarine.in/docs/partb/navarch/</link>
    <description>Recent content in EM202 Advanced Naval Architecture on Study Extra Master</description>
    <generator>Hugo -- gohugo.io</generator>
    <language>en-us</language>
    
	  <atom:link href="https://anirbanmarine.in/docs/partb/navarch/index.xml" rel="self" type="application/rss+xml" />
    
    
      
        
      
    
    
  </channel>
</rss>
