<rss version="2.0" xmlns:atom="http://www.w3.org/2005/Atom">
  <channel>
    <title>Study Extra Master – Part C</title>
    <link>https://anirbanmarine.in/docs/partc/</link>
    <description>Recent content in Part C on Study Extra Master</description>
    <generator>Hugo -- gohugo.io</generator>
    <language>en-us</language>
    
	  <atom:link href="https://anirbanmarine.in/docs/partc/index.xml" rel="self" type="application/rss+xml" />
    
    
      
        
      
    
    
    <item>
      <title>EM301 Marine Environment and Ocean Governance</title>
      <link>https://anirbanmarine.in/docs/partc/em301/</link>
      <pubDate>Mon, 01 Jan 0001 00:00:00 +0000</pubDate>
      
      <guid>https://anirbanmarine.in/docs/partc/em301/</guid>
      <description>
        
        
        &lt;h2&gt;Contents&lt;span class=&#34;absolute -mt-20&#34; id=&#34;contents&#34;&gt;&lt;/span&gt;
    &lt;a href=&#34;#contents&#34; class=&#34;subheading-anchor&#34; aria-label=&#34;Permalink for this section&#34;&gt;&lt;/a&gt;&lt;/h2&gt;&lt;ul&gt;
&lt;li&gt;&lt;a href=&#34;https://anirbanmarine.in/docs/partc/em301/intconv/&#34; &gt;International Conventions&lt;/a&gt;&lt;/li&gt;
&lt;li&gt;&lt;a href=&#34;https://anirbanmarine.in/docs/partc/em301/meteorology/&#34; &gt;Meteorology&lt;/a&gt;&lt;/li&gt;
&lt;li&gt;&lt;a href=&#34;https://anirbanmarine.in/docs/partc/em301/satmet/&#34; &gt;Satellite Meteorology&lt;/a&gt;&lt;/li&gt;
&lt;li&gt;&lt;a href=&#34;https://anirbanmarine.in/docs/partc/em301/oceanogeo/&#34; &gt;Geology and oceanography&lt;/a&gt;&lt;/li&gt;
&lt;li&gt;&lt;a href=&#34;https://anirbanmarine.in/docs/partc/em301/marineres/&#34; &gt;Marine Resources&lt;/a&gt;&lt;/li&gt;
&lt;li&gt;&lt;a href=&#34;https://anirbanmarine.in/docs/partc/em301/oceangov/&#34; &gt;Ocean Governance&lt;/a&gt;&lt;/li&gt;
&lt;li&gt;&lt;a href=&#34;https://anirbanmarine.in/docs/partc/em301/hydrosurv/&#34; &gt;Hydrographical surveying&lt;/a&gt;&lt;/li&gt;
&lt;li&gt;&lt;a href=&#34;https://anirbanmarine.in/docs/partc/em301/tides/&#34; &gt;The Earth&amp;rsquo;s tides&lt;/a&gt;&lt;/li&gt;
&lt;/ul&gt;

      </description>
    </item>
    
    <item>
      <title>EM302 Port Management</title>
      <link>https://anirbanmarine.in/docs/partc/em302/</link>
      <pubDate>Mon, 01 Jan 0001 00:00:00 +0000</pubDate>
      
      <guid>https://anirbanmarine.in/docs/partc/em302/</guid>
      <description>
        
        
        &lt;h2&gt;Contents&lt;span class=&#34;absolute -mt-20&#34; id=&#34;contents&#34;&gt;&lt;/span&gt;
    &lt;a href=&#34;#contents&#34; class=&#34;subheading-anchor&#34; aria-label=&#34;Permalink for this section&#34;&gt;&lt;/a&gt;&lt;/h2&gt;&lt;ul&gt;
&lt;li&gt;Introduction&lt;/li&gt;
&lt;li&gt;Port Planning&lt;/li&gt;
&lt;li&gt;Port Regulatory Environment&lt;/li&gt;
&lt;li&gt;Managing Port Operations and Conservancy&lt;/li&gt;
&lt;li&gt;Port Competetion, Marketing and Business Development.&lt;/li&gt;
&lt;li&gt;Port Pricing&lt;/li&gt;
&lt;li&gt;Port Finance&lt;/li&gt;
&lt;li&gt;Port Ownership&lt;/li&gt;
&lt;li&gt;Port Agency&lt;/li&gt;
&lt;/ul&gt;

      </description>
    </item>
    
    <item>
      <title>EM303 Commercial Shipping Management</title>
      <link>https://anirbanmarine.in/docs/partc/em303/</link>
      <pubDate>Mon, 01 Jan 0001 00:00:00 +0000</pubDate>
      
      <guid>https://anirbanmarine.in/docs/partc/em303/</guid>
      <description>
        
        
        &lt;h2&gt;Contents&lt;span class=&#34;absolute -mt-20&#34; id=&#34;contents&#34;&gt;&lt;/span&gt;
    &lt;a href=&#34;#contents&#34; class=&#34;subheading-anchor&#34; aria-label=&#34;Permalink for this section&#34;&gt;&lt;/a&gt;&lt;/h2&gt;&lt;ul&gt;
&lt;li&gt;Commercial Shipping&lt;/li&gt;
&lt;li&gt;Sale and Purchase of Ships&lt;/li&gt;
&lt;li&gt;Port agency&lt;/li&gt;
&lt;li&gt;Liner agency&lt;/li&gt;
&lt;li&gt;Shipping Management&lt;/li&gt;
&lt;li&gt;Marine Insurance&lt;/li&gt;
&lt;li&gt;Types of Policies&lt;/li&gt;
&lt;li&gt;Cargo Insurance&lt;/li&gt;
&lt;li&gt;Cargo Insurance Claims&lt;/li&gt;
&lt;li&gt;Indian Insurance&lt;/li&gt;
&lt;li&gt;Average Adjustment&lt;/li&gt;
&lt;li&gt;Cabotage&lt;/li&gt;
&lt;li&gt;Risk Management&lt;/li&gt;
&lt;li&gt;Risk Assessment Fundamentals&lt;/li&gt;
&lt;li&gt;Risk Control Options (RCOs)&lt;/li&gt;
&lt;li&gt;Consequence limiting RCOs&lt;/li&gt;
&lt;/ul&gt;

      </description>
    </item>
    
  </channel>
</rss>
