<rss version="2.0" xmlns:atom="http://www.w3.org/2005/Atom">
  <channel>
    <title>Study Extra Master – Part B</title>
    <link>https://anirbanmarine.in/docs/partb/</link>
    <description>Recent content in Part B on Study Extra Master</description>
    <generator>Hugo -- gohugo.io</generator>
    <language>en-us</language>
    
	  <atom:link href="https://anirbanmarine.in/docs/partb/index.xml" rel="self" type="application/rss+xml" />
    
    
      
        
      
    
    
    <item>
      <title>EM202 Advanced Naval Architecture</title>
      <link>https://anirbanmarine.in/docs/partb/adnav/</link>
      <pubDate>Mon, 01 Jan 0001 00:00:00 +0000</pubDate>
      
      <guid>https://anirbanmarine.in/docs/partb/adnav/</guid>
      <description>
        
        
        &lt;h2&gt;Contents&lt;span class=&#34;absolute -mt-20&#34; id=&#34;contents&#34;&gt;&lt;/span&gt;
    &lt;a href=&#34;#contents&#34; class=&#34;subheading-anchor&#34; aria-label=&#34;Permalink for this section&#34;&gt;&lt;/a&gt;&lt;/h2&gt;&lt;ul&gt;
&lt;li&gt;Revision of Fundamentals of naval architecture&lt;/li&gt;
&lt;li&gt;Resistance and propulsion&lt;/li&gt;
&lt;li&gt;Stress and Strain&lt;/li&gt;
&lt;li&gt;Ship Motion&lt;/li&gt;
&lt;li&gt;Ship Design&lt;/li&gt;
&lt;li&gt;Manoeuvring Trials&lt;/li&gt;
&lt;li&gt;Stability&lt;/li&gt;
&lt;li&gt;Stability at Large angle of Heels&lt;/li&gt;
&lt;li&gt;Dynamic Stability&lt;/li&gt;
&lt;li&gt;Damaged Stability&lt;/li&gt;
&lt;li&gt;Ship Vibration&lt;/li&gt;
&lt;/ul&gt;

      </description>
    </item>
    
    <item>
      <title>EM202 Advanced Naval Architecture</title>
      <link>https://anirbanmarine.in/docs/partb/navarch/</link>
      <pubDate>Mon, 01 Jan 0001 00:00:00 +0000</pubDate>
      
      <guid>https://anirbanmarine.in/docs/partb/navarch/</guid>
      <description>
        
        
        &lt;h2&gt;Contents&lt;span class=&#34;absolute -mt-20&#34; id=&#34;contents&#34;&gt;&lt;/span&gt;
    &lt;a href=&#34;#contents&#34; class=&#34;subheading-anchor&#34; aria-label=&#34;Permalink for this section&#34;&gt;&lt;/a&gt;&lt;/h2&gt;&lt;ul&gt;
&lt;li&gt;Revision of Fundamentals of naval architecture&lt;/li&gt;
&lt;li&gt;Resistance and propulsion&lt;/li&gt;
&lt;li&gt;Stress and Strain&lt;/li&gt;
&lt;li&gt;Ship Motion&lt;/li&gt;
&lt;li&gt;Ship Design&lt;/li&gt;
&lt;li&gt;Manoeuvring Trials&lt;/li&gt;
&lt;li&gt;Stability&lt;/li&gt;
&lt;li&gt;Stability at Large angle of Heels&lt;/li&gt;
&lt;li&gt;Dynamic Stability&lt;/li&gt;
&lt;li&gt;Damaged Stability&lt;/li&gt;
&lt;li&gt;Ship Vibration&lt;/li&gt;
&lt;/ul&gt;

      </description>
    </item>
    
    <item>
      <title>EM203 Commercial Engineering , Robotics and Alternative Energy</title>
      <link>https://anirbanmarine.in/docs/partb/engg/</link>
      <pubDate>Mon, 01 Jan 0001 00:00:00 +0000</pubDate>
      
      <guid>https://anirbanmarine.in/docs/partb/engg/</guid>
      <description>
        
        
        &lt;h2&gt;Commercial Engineering&lt;span class=&#34;absolute -mt-20&#34; id=&#34;commercial-engineering&#34;&gt;&lt;/span&gt;
    &lt;a href=&#34;#commercial-engineering&#34; class=&#34;subheading-anchor&#34; aria-label=&#34;Permalink for this section&#34;&gt;&lt;/a&gt;&lt;/h2&gt;&lt;ul&gt;
&lt;li&gt;Basic Features and Operation
&lt;ul&gt;
&lt;li&gt;Boilers&lt;/li&gt;
&lt;li&gt;Diesel Plants&lt;/li&gt;
&lt;/ul&gt;
&lt;/li&gt;
&lt;li&gt;Pumps&lt;/li&gt;
&lt;li&gt;Electrical systems&lt;/li&gt;
&lt;li&gt;Shaft systems and propeller&lt;/li&gt;
&lt;li&gt;Heating Ventilation and Air conditioning&lt;/li&gt;
&lt;li&gt;Auxiliaries (principle, Opeartion, maintenance and checks)&lt;/li&gt;
&lt;li&gt;Budgeting&lt;/li&gt;
&lt;li&gt;Procurement of spares&lt;/li&gt;
&lt;li&gt;Energy efficiency&lt;/li&gt;
&lt;li&gt;Maritime Robotics including Artificial Intelligence&lt;/li&gt;
&lt;li&gt;Emerging Technologies&lt;/li&gt;
&lt;/ul&gt;

      </description>
    </item>
    
  </channel>
</rss>
