<rss version="2.0" xmlns:atom="http://www.w3.org/2005/Atom">
  <channel>
    <title>Study Extra Master – Hydrographic Surveying</title>
    <link>https://anirbanmarine.in/docs/partc/em301/hydrosurv/</link>
    <description>Recent content in Hydrographic Surveying on Study Extra Master</description>
    <generator>Hugo -- gohugo.io</generator>
    <language>en-us</language>
    
	  <atom:link href="https://anirbanmarine.in/docs/partc/em301/hydrosurv/index.xml" rel="self" type="application/rss+xml" />
    
    
      
        
      
    
    
    <item>
      <title>Basic techniques of Hydrographic Surveying</title>
      <link>https://anirbanmarine.in/docs/partc/em301/hydrosurv/bashydro/</link>
      <pubDate>Mon, 01 Jan 0001 00:00:00 +0000</pubDate>
      
      <guid>https://anirbanmarine.in/docs/partc/em301/hydrosurv/bashydro/</guid>
      <description>
        
        
        &lt;h2&gt;Hydrographic surveying&lt;span class=&#34;absolute -mt-20&#34; id=&#34;hydrographic-surveying&#34;&gt;&lt;/span&gt;
    &lt;a href=&#34;#hydrographic-surveying&#34; class=&#34;subheading-anchor&#34; aria-label=&#34;Permalink for this section&#34;&gt;&lt;/a&gt;&lt;/h2&gt;&lt;p&gt;is a complex and demanding field, but it is also essential for safe navigation and maritime transportation. Hydrographic surveyors use a variety of techniques to collect data about the depth and position of underwater features. This data is then used to create nautical charts, which are essential for ships and boats to navigate safely.&lt;/p&gt;
&lt;h2&gt;Here are some additional details about the basic techniques of hydrographic surveying:&lt;span class=&#34;absolute -mt-20&#34; id=&#34;here-are-some-additional-details-about-the-basic-techniques-of-hydrographic-surveying&#34;&gt;&lt;/span&gt;
    &lt;a href=&#34;#here-are-some-additional-details-about-the-basic-techniques-of-hydrographic-surveying&#34; class=&#34;subheading-anchor&#34; aria-label=&#34;Permalink for this section&#34;&gt;&lt;/a&gt;&lt;/h2&gt;&lt;ul&gt;
&lt;li&gt;
&lt;p&gt;&lt;strong&gt;Sounding:&lt;/strong&gt; Sounding is a relatively simple technique, but it can be very effective in shallow waters. To sound, a hydrographic surveyor will lower a weighted line, called a sounding lead, to the bottom of the water and then measure the depth. Sounding is typically done from a small boat, but it can also be done from shore or from a helicopter.&lt;/p&gt;
&lt;/li&gt;
&lt;li&gt;
&lt;p&gt;&lt;strong&gt;Echo sounding:&lt;/strong&gt; Echo sounding is a more advanced technique that uses sound waves to measure the depth of water. An echo sounder emits a sound wave and then measures the time it takes for the wave to return to the surface. The depth of the water is then calculated based on the speed of sound in water. Echo sounding is more accurate than sounding and can be used to survey large areas of water quickly and efficiently.&lt;/p&gt;
&lt;/li&gt;
&lt;li&gt;
&lt;p&gt;&lt;strong&gt;Side scan sonar:&lt;/strong&gt; Side scan sonar is a type of sonar that uses sound waves to create images of the seafloor. A side scan sonar system emits sound waves to the sides of a survey vessel and then measures the returning echoes. The echoes are then used to create a two-dimensional image of the seafloor. Side scan sonar is useful for detecting underwater features, such as shipwrecks and pipelines.&lt;/p&gt;
&lt;/li&gt;
&lt;li&gt;
&lt;p&gt;&lt;strong&gt;Multibeam sonar:&lt;/strong&gt; Multibeam sonar is the most advanced type of sonar used in hydrographic surveying. It emits multiple sound beams in different directions to create a three-dimensional image of the seafloor. Multibeam sonar is the most accurate and efficient method of hydrographic surveying, but it is also the most expensive.&lt;/p&gt;
&lt;/li&gt;
&lt;/ul&gt;
&lt;p&gt;In addition to measuring depth, hydrographic surveys also collect information about the position of underwater features. This information is collected using a variety of positioning technologies, such as GPS, Differential Global Positioning System (DGPS), and Global Navigation Satellite System (GNSS).&lt;/p&gt;
&lt;p&gt;Once the depth and positioning data has been collected, it is processed using specialized software to create a nautical chart. Nautical charts show the depth of water, the position of underwater features, and other important information for navigation.&lt;/p&gt;
&lt;p&gt;Hydrographic surveys are conducted in a variety of environments, including oceans, lakes, rivers, and harbors. The specific techniques used will vary depending on the environment and the purpose of the survey. For example, a hydrographic survey of a shallow river might use sounding and GPS to measure the depth and position of the riverbed. A hydrographic survey of a deep ocean might use multibeam sonar and GNSS to create a detailed three-dimensional image of the seafloor.&lt;/p&gt;
&lt;p&gt;Hydrographic surveying is an essential part of safe navigation and maritime transportation. Hydrographic surveyors collect the data that is used to create nautical charts, which are essential for ships and boats to navigate safely. Hydrographic surveys are also used for a variety of other purposes, such as coastal engineering, environmental monitoring, and marine research.&lt;/p&gt;
&lt;h2&gt;Here are some examples of how hydrographic surveying is used in the real world:&lt;span class=&#34;absolute -mt-20&#34; id=&#34;here-are-some-examples-of-how-hydrographic-surveying-is-used-in-the-real-world&#34;&gt;&lt;/span&gt;
    &lt;a href=&#34;#here-are-some-examples-of-how-hydrographic-surveying-is-used-in-the-real-world&#34; class=&#34;subheading-anchor&#34; aria-label=&#34;Permalink for this section&#34;&gt;&lt;/a&gt;&lt;/h2&gt;&lt;ul&gt;
&lt;li&gt;Hydrographic surveys are used to create nautical charts for commercial and recreational shipping.&lt;/li&gt;
&lt;li&gt;Hydrographic surveys are used to map the seabed for coastal engineering projects, such as building new ports and harbors.&lt;/li&gt;
&lt;li&gt;Hydrographic surveys are used to monitor environmental changes, such as coastal erosion and sea level rise.&lt;/li&gt;
&lt;li&gt;Hydrographic surveys are used to support marine research, such as studying the distribution of marine life and mapping the location of hydrothermal vents.&lt;/li&gt;
&lt;/ul&gt;
&lt;p&gt;Hydrographic surveying is a vital field that plays a critical role in the safety and efficiency of maritime transportation. Hydrographic surveyors use a variety of advanced techniques to collect data about the depth and position of underwater features. This data is then used to create nautical charts and support a variety of other important applications.&lt;/p&gt;

      </description>
    </item>
    
    <item>
      <title>Control in hydrographic surveying</title>
      <link>https://anirbanmarine.in/docs/partc/em301/hydrosurv/control/</link>
      <pubDate>Mon, 01 Jan 0001 00:00:00 +0000</pubDate>
      
      <guid>https://anirbanmarine.in/docs/partc/em301/hydrosurv/control/</guid>
      <description>
        
        
        &lt;p&gt;Control in hydrographic surveying is the process of establishing a network of known horizontal and vertical positions that is used to reference all other survey measurements. Control is essential for ensuring the accuracy and reliability of hydrographic surveys.&lt;/p&gt;
&lt;p&gt;There are two main types of control in hydrographic surveying: horizontal control and vertical control.&lt;/p&gt;
&lt;h2&gt;Horizontal control&lt;span class=&#34;absolute -mt-20&#34; id=&#34;horizontal-control&#34;&gt;&lt;/span&gt;
    &lt;a href=&#34;#horizontal-control&#34; class=&#34;subheading-anchor&#34; aria-label=&#34;Permalink for this section&#34;&gt;&lt;/a&gt;&lt;/h2&gt;&lt;p&gt;establishes the horizontal position of survey points. It is typically established using a network of geodetic survey markers, such as triangulation stations and GPS reference points. Horizontal control can also be established using photogrammetric methods, such as aerial photography and satellite imagery.&lt;/p&gt;
&lt;h2&gt;Vertical control&lt;span class=&#34;absolute -mt-20&#34; id=&#34;vertical-control&#34;&gt;&lt;/span&gt;
    &lt;a href=&#34;#vertical-control&#34; class=&#34;subheading-anchor&#34; aria-label=&#34;Permalink for this section&#34;&gt;&lt;/a&gt;&lt;/h2&gt;&lt;p&gt;establishes the vertical position of survey points. It is typically established using a network of bench marks, which are fixed points with known elevations. Vertical control can also be established using tidal gauges and GPS measurements.&lt;/p&gt;
&lt;p&gt;Once the horizontal and vertical control networks have been established, survey points can be referenced to the control network using a variety of positioning technologies, such as GPS, DGPS, and GNSS.&lt;/p&gt;
&lt;p&gt;** Control** is essential for hydrographic surveying because it ensures that all survey measurements are referenced to a common coordinate system. This is important for ensuring the accuracy and reliability of the survey results.&lt;/p&gt;
&lt;p&gt;In addition to ensuring accuracy, control also provides a number of other benefits for hydrographic surveys. For example, control can be used to:&lt;/p&gt;
&lt;ul&gt;
&lt;li&gt;&lt;strong&gt;Reduce the amount of time and resources required to complete a survey.&lt;/strong&gt; By using control, hydrographic surveyors can avoid having to resurvey areas that have already been surveyed.&lt;/li&gt;
&lt;li&gt;&lt;strong&gt;Improve the quality of survey data.&lt;/strong&gt; Control can help to identify and correct errors in survey data.&lt;/li&gt;
&lt;li&gt;&lt;strong&gt;Integrate data from different sources.&lt;/strong&gt; Control can be used to integrate data from different hydrographic surveys, as well as data from other sources, such as aerial photography and satellite imagery.&lt;/li&gt;
&lt;/ul&gt;
&lt;p&gt;Control networks for hydrographic surveys are typically designed and established by geodetic surveyors. However, hydrographic surveyors are responsible for ensuring that the control network is adequate for the specific needs of their survey.&lt;/p&gt;
&lt;h2&gt;Here are some of the factors that hydrographic surveyors need to consider when planning and executing a survey:&lt;span class=&#34;absolute -mt-20&#34; id=&#34;here-are-some-of-the-factors-that-hydrographic-surveyors-need-to-consider-when-planning-and-executing-a-survey&#34;&gt;&lt;/span&gt;
    &lt;a href=&#34;#here-are-some-of-the-factors-that-hydrographic-surveyors-need-to-consider-when-planning-and-executing-a-survey&#34; class=&#34;subheading-anchor&#34; aria-label=&#34;Permalink for this section&#34;&gt;&lt;/a&gt;&lt;/h2&gt;&lt;ul&gt;
&lt;li&gt;The size and complexity of the survey area.&lt;/li&gt;
&lt;li&gt;The required accuracy of the survey results.&lt;/li&gt;
&lt;li&gt;The availability of existing control points.&lt;/li&gt;
&lt;li&gt;The budget and time constraints of the survey.&lt;/li&gt;
&lt;li&gt;The specific hydrographic survey methods that will be used.&lt;/li&gt;
&lt;/ul&gt;
&lt;p&gt;Once the hydrographic surveyor has considered all of these factors, they can develop a plan for establishing a control network. The specific control techniques that are used will vary depending on the factors listed above.&lt;/p&gt;
&lt;p&gt;For example, a hydrographic survey of a small harbor might use a simple control network of existing triangulation stations. A hydrographic survey of a large offshore area might require a more complex control network, including new GPS reference points, tide gauges, and photogrammetric methods.&lt;/p&gt;
&lt;p&gt;Control is an essential element of hydrographic surveying. It ensures that all survey measurements are referenced to a common coordinate system and that the survey results are accurate and reliable. Hydrographic surveyors carefully plan and execute their surveys to ensure that the control network is adequate for the specific needs of their project.&lt;/p&gt;
&lt;h2&gt;Case study: Hydrographic survey of a new port**&lt;span class=&#34;absolute -mt-20&#34; id=&#34;case-study-hydrographic-survey-of-a-new-port&#34;&gt;&lt;/span&gt;
    &lt;a href=&#34;#case-study-hydrographic-survey-of-a-new-port&#34; class=&#34;subheading-anchor&#34; aria-label=&#34;Permalink for this section&#34;&gt;&lt;/a&gt;&lt;/h2&gt;&lt;p&gt;A new port is being built on a previously uncharted stretch of coastline. The hydrographic survey team is responsible for creating a detailed map of the seabed in the port area. The survey team will use this map to design the port and to ensure that it is safe for ships to enter and leave.&lt;/p&gt;
&lt;p&gt;The survey team begins by establishing a control network. They use GPS to survey a number of points on the coastline. These points will be used as references for all other survey measurements.&lt;/p&gt;
&lt;p&gt;Once the control network is in place, the survey team begins to collect data on the seabed. They use a variety of hydrographic survey methods, including multibeam sonar and side scan sonar. These methods allow the survey team to create a detailed three-dimensional image of the seabed.&lt;/p&gt;
&lt;p&gt;The survey team collects data on the depth of the water, the position of underwater features, and the composition of the seabed. This data is then processed using specialized software to create a nautical chart of the port area.&lt;/p&gt;
&lt;p&gt;The nautical chart shows the depth of water, the position of underwater features, and other important information for navigation. The port authorities will use this chart to design the port and to ensure that it is safe for ships to enter and leave.&lt;/p&gt;
&lt;p&gt;This case study demonstrates the importance of control in hydrographic surveying. Control is essential for ensuring that all survey measurements are accurate and reliable. This is especially important for high-stakes projects, such as the construction of a new port.&lt;/p&gt;

      </description>
    </item>
    
    <item>
      <title>Position Fixing using short range high accuracy radio signals</title>
      <link>https://anirbanmarine.in/docs/partc/em301/hydrosurv/posfix/</link>
      <pubDate>Mon, 01 Jan 0001 00:00:00 +0000</pubDate>
      
      <guid>https://anirbanmarine.in/docs/partc/em301/hydrosurv/posfix/</guid>
      <description>
        
        
        &lt;h2&gt;Short-range high accuracy radio signals&lt;span class=&#34;absolute -mt-20&#34; id=&#34;short-range-high-accuracy-radio-signals&#34;&gt;&lt;/span&gt;
    &lt;a href=&#34;#short-range-high-accuracy-radio-signals&#34; class=&#34;subheading-anchor&#34; aria-label=&#34;Permalink for this section&#34;&gt;&lt;/a&gt;&lt;/h2&gt;&lt;p&gt;can be used for hydrographic survey position fixing in a number of ways.&lt;/p&gt;
&lt;ol&gt;
&lt;li&gt;
&lt;p&gt;One common method is to use a differential global positioning system (DGPS). DGPS works by using a network of ground-based reference stations to correct the errors in GPS signals. This can improve the accuracy of GPS positioning to a few centimeters.&lt;/p&gt;
&lt;/li&gt;
&lt;li&gt;
&lt;p&gt;Another method of using short-range high accuracy radio signals for hydrographic survey position fixing is to use a real-time kinematic (RTK) GPS system. RTK GPS systems use a network of ground-based reference stations to provide centimeter-level positioning accuracy in real time. This is particularly useful for surveys of dynamic environments, such as tidal rivers and estuaries.&lt;/p&gt;
&lt;/li&gt;
&lt;li&gt;
&lt;p&gt;Local Positioning Systems (LPS) for hydrographic surveying. LPS systems use a network of radio transceivers to measure the distances between survey points. This information can then be used to calculate the positions of the survey points.LPS systems are often used in hydrographic surveys of coastal areas and harbors. They are particularly useful in areas where GPS signals are not available or are unreliable.&lt;/p&gt;
&lt;/li&gt;
&lt;/ol&gt;
&lt;h2&gt;Here are some specific examples of how short-range high accuracy radio signals are used for hydrographic survey position fixing:&lt;span class=&#34;absolute -mt-20&#34; id=&#34;here-are-some-specific-examples-of-how-short-range-high-accuracy-radio-signals-are-used-for-hydrographic-survey-position-fixing&#34;&gt;&lt;/span&gt;
    &lt;a href=&#34;#here-are-some-specific-examples-of-how-short-range-high-accuracy-radio-signals-are-used-for-hydrographic-survey-position-fixing&#34; class=&#34;subheading-anchor&#34; aria-label=&#34;Permalink for this section&#34;&gt;&lt;/a&gt;&lt;/h2&gt;&lt;ul&gt;
&lt;li&gt;&lt;strong&gt;DGPS is used to position survey vessels and other survey equipment, such as multibeam sonars and side scan sonars.&lt;/strong&gt; This allows hydrographic surveyors to create accurate and detailed maps of the seabed.&lt;/li&gt;
&lt;li&gt;&lt;strong&gt;RTK GPS is used to position survey vessels and other survey equipment in real time.&lt;/strong&gt; This is particularly useful for surveys of dynamic environments, such as tidal rivers and estuaries. For example, RTK GPS can be used to position a survey vessel while it is conducting a bathymetric survey of a tidal river.&lt;/li&gt;
&lt;li&gt;&lt;strong&gt;LPS is used to position survey vessels and other survey equipment in areas where GPS signals are not available or are unreliable.&lt;/strong&gt; For example, LPS is often used to position survey vessels and other survey equipment in coastal areas and harbors, where GPS signals can be blocked by tall buildings and other structures.&lt;/li&gt;
&lt;/ul&gt;
&lt;p&gt;Short-range high accuracy radio signals offer a number of advantages for hydrographic survey position fixing. They are accurate, reliable, and relatively inexpensive. They can also be used in a variety of environments.&lt;/p&gt;
&lt;p&gt;However, it is important to note that short-range high accuracy radio signals have a limited range. This means that they are not suitable for surveys of large areas. Additionally, short-range high accuracy radio signals can be affected by interference from other radio signals and by atmospheric conditions.&lt;/p&gt;
&lt;p&gt;Overall, short-range high accuracy radio signals are a valuable tool for hydrographic survey position fixing. They offer a number of advantages over other positioning methods, such as GPS. However, it is important to be aware of their limitations and to take steps to mitigate them.&lt;/p&gt;
&lt;p&gt;Here are some additional details about the advantages and disadvantages of using short-range high accuracy radio signals for hydrographic survey position fixing:&lt;/p&gt;
&lt;h2&gt;Advantages:&lt;span class=&#34;absolute -mt-20&#34; id=&#34;advantages&#34;&gt;&lt;/span&gt;
    &lt;a href=&#34;#advantages&#34; class=&#34;subheading-anchor&#34; aria-label=&#34;Permalink for this section&#34;&gt;&lt;/a&gt;&lt;/h2&gt;&lt;ul&gt;
&lt;li&gt;Accurate: Short-range high accuracy radio signals can provide centimeter-level positioning accuracy.&lt;/li&gt;
&lt;li&gt;Reliable: Short-range high accuracy radio signals are generally reliable and less susceptible to interference than GPS signals.&lt;/li&gt;
&lt;li&gt;Relatively inexpensive: Short-range high accuracy radio signal positioning systems are relatively inexpensive to purchase and maintain.&lt;/li&gt;
&lt;li&gt;Can be used in a variety of environments: Short-range high accuracy radio signal positioning systems can be used in a variety of environments, including coastal areas, harbors, and inland waterways.&lt;/li&gt;
&lt;/ul&gt;
&lt;h2&gt;Disadvantages:&lt;span class=&#34;absolute -mt-20&#34; id=&#34;disadvantages&#34;&gt;&lt;/span&gt;
    &lt;a href=&#34;#disadvantages&#34; class=&#34;subheading-anchor&#34; aria-label=&#34;Permalink for this section&#34;&gt;&lt;/a&gt;&lt;/h2&gt;&lt;ul&gt;
&lt;li&gt;Limited range: Short-range high accuracy radio signals have a limited range, typically a few kilometers.&lt;/li&gt;
&lt;li&gt;Can be affected by interference: Short-range high accuracy radio signals can be affected by interference from other radio signals and by atmospheric conditions.&lt;/li&gt;
&lt;/ul&gt;
&lt;p&gt;Hydrographic surveyors must carefully consider the advantages and disadvantages of short-range high accuracy radio signals before selecting a positioning system for their survey.&lt;/p&gt;

      </description>
    </item>
    
    <item>
      <title>Theory of preparation of Navigational Chart</title>
      <link>https://anirbanmarine.in/docs/partc/em301/hydrosurv/nchart/</link>
      <pubDate>Mon, 01 Jan 0001 00:00:00 +0000</pubDate>
      
      <guid>https://anirbanmarine.in/docs/partc/em301/hydrosurv/nchart/</guid>
      <description>
        
        
        &lt;p&gt;Navigational charts are essential tools for safe and efficient navigation. They provide mariners with information about the seafloor, surrounding land, and navigational hazards. Navigational charts are also used for a variety of other purposes, such as coastal engineering, marine research, and maritime planning.&lt;/p&gt;
&lt;p&gt;The preparation of navigational charts is a complex process that involves the collection, processing, and analysis of a wide variety of data. The goal of chart preparation is to create a depiction of the seafloor and surrounding land that is accurate, reliable, and easy to use for navigation.&lt;/p&gt;
&lt;p&gt;1.The first step in preparing a navigational chart is to collect data on the seafloor and surrounding land. This data is collected using a variety of hydrographic survey methods, such as multibeam sonar, side scan sonar, and echo sounding. Hydrographic surveys also collect data on the position of underwater features, such as shipwrecks and pipelines.&lt;/p&gt;
&lt;ol start=&#34;2&#34;&gt;
&lt;li&gt;
&lt;p&gt;Once the data has been collected, it is processed and analyzed using specialized software. This software is used to create a digital elevation model (DEM) of the seafloor. The DEM is a three-dimensional representation of the seafloor that shows its depth and relief.&lt;/p&gt;
&lt;/li&gt;
&lt;li&gt;
&lt;p&gt;The DEM is then used to create a contour map of the seafloor. The contour map shows the depth of the water at different locations. Contour maps are an important tool for navigation because they allow mariners to see the shape of the seabed and to identify underwater hazards.&lt;/p&gt;
&lt;/li&gt;
&lt;/ol&gt;
&lt;p&gt;In addition to the contour map, navigational charts also include a variety of other information, such as:&lt;/p&gt;
&lt;ul&gt;
&lt;li&gt;The position of navigational aids, such as lighthouses and buoys&lt;/li&gt;
&lt;li&gt;The location of restricted areas, such as shipping lanes and military zones&lt;/li&gt;
&lt;li&gt;The names of geographical features, such as islands and reefs&lt;/li&gt;
&lt;li&gt;Tides and currents&lt;/li&gt;
&lt;li&gt;Magnetic variation&lt;/li&gt;
&lt;li&gt;Meteorological information&lt;/li&gt;
&lt;/ul&gt;
&lt;p&gt;Navigational charts are typically prepared by government agencies, such as the National Oceanic and Atmospheric Administration (NOAA) in the United States. However, there are also a number of private companies that produce navigational charts.&lt;/p&gt;
&lt;p&gt;Once the navigational chart has been created, it is published and made available to mariners. Navigational charts are available in a variety of formats, including paper charts, electronic charts, and online charts.&lt;/p&gt;
&lt;p&gt;Navigational charts are essential for safe and efficient navigation. They provide mariners with the information they need to avoid hazards and to navigate accurately. Navigational charts are also used for a variety of other purposes, such as coastal engineering, marine research, and maritime planning.&lt;/p&gt;
&lt;h2&gt;Here are some additional details about the theory of preparation of navigational charts:&lt;span class=&#34;absolute -mt-20&#34; id=&#34;here-are-some-additional-details-about-the-theory-of-preparation-of-navigational-charts&#34;&gt;&lt;/span&gt;
    &lt;a href=&#34;#here-are-some-additional-details-about-the-theory-of-preparation-of-navigational-charts&#34; class=&#34;subheading-anchor&#34; aria-label=&#34;Permalink for this section&#34;&gt;&lt;/a&gt;&lt;/h2&gt;&lt;ul&gt;
&lt;li&gt;&lt;strong&gt;Projection:&lt;/strong&gt; Navigational charts use a variety of projections to represent the curved surface of the Earth on a flat plane. The most common projection used for navigational charts is the Mercator projection. The Mercator projection is a conformal projection, which means that it preserves the shape of objects on the chart. However, the Mercator projection distorts the size of objects, particularly near the poles.&lt;/li&gt;
&lt;li&gt;&lt;strong&gt;Datum:&lt;/strong&gt; Navigational charts are referenced to a datum, which is a horizontal and vertical reference system. The most common datum used for navigational charts is the World Geodetic System 1984 (WGS 84). WGS 84 is a global datum that is used by GPS receivers.&lt;/li&gt;
&lt;li&gt;&lt;strong&gt;Symbology:&lt;/strong&gt; Navigational charts use a variety of symbols to represent different features, such as navigational aids, underwater hazards, and geographical features. The symbols used on navigational charts are standardized so that mariners can easily understand them.&lt;/li&gt;
&lt;/ul&gt;
&lt;p&gt;The preparation of navigational charts is a complex and challenging task. However, it is an essential task for ensuring the safety of mariners and the efficient operation of maritime commerce.&lt;/p&gt;

      </description>
    </item>
    
  </channel>
</rss>
