<rss version="2.0" xmlns:atom="http://www.w3.org/2005/Atom">
  <channel>
    <title>Study Extra Master – Part A</title>
    <link>https://anirbanmarine.in/docs/parta/</link>
    <description>Recent content in Part A on Study Extra Master</description>
    <generator>Hugo -- gohugo.io</generator>
    <language>en-us</language>
    
	  <atom:link href="https://anirbanmarine.in/docs/parta/index.xml" rel="self" type="application/rss+xml" />
    
    
      
        
      
    
    
    <item>
      <title>EM101 Leadership, Management and Human Resources</title>
      <link>https://anirbanmarine.in/docs/parta/marlead/</link>
      <pubDate>Mon, 01 Jan 0001 00:00:00 +0000</pubDate>
      
      <guid>https://anirbanmarine.in/docs/parta/marlead/</guid>
      <description>
        
        
        &lt;h2&gt;Content&lt;span class=&#34;absolute -mt-20&#34; id=&#34;content&#34;&gt;&lt;/span&gt;
    &lt;a href=&#34;#content&#34; class=&#34;subheading-anchor&#34; aria-label=&#34;Permalink for this section&#34;&gt;&lt;/a&gt;&lt;/h2&gt;&lt;h3&gt;Leadership&lt;span class=&#34;absolute -mt-20&#34; id=&#34;leadership&#34;&gt;&lt;/span&gt;
    &lt;a href=&#34;#leadership&#34; class=&#34;subheading-anchor&#34; aria-label=&#34;Permalink for this section&#34;&gt;&lt;/a&gt;&lt;/h3&gt;&lt;ul&gt;
&lt;li&gt;Introduction to Leadership&lt;/li&gt;
&lt;li&gt;Approaches to defining leadership&lt;/li&gt;
&lt;li&gt;Miscellaneous aspects of leadership&lt;/li&gt;
&lt;/ul&gt;
&lt;h3&gt;Management&lt;span class=&#34;absolute -mt-20&#34; id=&#34;management&#34;&gt;&lt;/span&gt;
    &lt;a href=&#34;#management&#34; class=&#34;subheading-anchor&#34; aria-label=&#34;Permalink for this section&#34;&gt;&lt;/a&gt;&lt;/h3&gt;&lt;ul&gt;
&lt;li&gt;Introduction to organization and management&lt;/li&gt;
&lt;li&gt;Essentials of management function&lt;/li&gt;
&lt;/ul&gt;
&lt;ul&gt;
&lt;li&gt;Financial management&lt;/li&gt;
&lt;/ul&gt;
&lt;ul&gt;
&lt;li&gt;Operations management&lt;/li&gt;
&lt;li&gt;Sales management&lt;/li&gt;
&lt;li&gt;Strategic management&lt;/li&gt;
&lt;li&gt;Information technology management&lt;/li&gt;
&lt;/ul&gt;
&lt;h3&gt;Human Resources&lt;span class=&#34;absolute -mt-20&#34; id=&#34;human-resources&#34;&gt;&lt;/span&gt;
    &lt;a href=&#34;#human-resources&#34; class=&#34;subheading-anchor&#34; aria-label=&#34;Permalink for this section&#34;&gt;&lt;/a&gt;&lt;/h3&gt;&lt;ul&gt;
&lt;li&gt;Definitions Objectives and responsibilities&lt;/li&gt;
&lt;li&gt;Legal issues in HR&lt;/li&gt;
&lt;li&gt;Compensation&lt;/li&gt;
&lt;li&gt;Planning and selection&lt;/li&gt;
&lt;li&gt;Employee development and retention&lt;/li&gt;
&lt;li&gt;Stress management&lt;/li&gt;
&lt;li&gt;Conflict management&lt;/li&gt;
&lt;li&gt;Challenges of HRM&lt;/li&gt;
&lt;/ul&gt;

      </description>
    </item>
    
    <item>
      <title>EM102 Maritime Economics and Finance</title>
      <link>https://anirbanmarine.in/docs/parta/marecofin/</link>
      <pubDate>Mon, 01 Jan 0001 00:00:00 +0000</pubDate>
      
      <guid>https://anirbanmarine.in/docs/parta/marecofin/</guid>
      <description>
        
        
        &lt;h2&gt;Maritime Economics&lt;span class=&#34;absolute -mt-20&#34; id=&#34;maritime-economics&#34;&gt;&lt;/span&gt;
    &lt;a href=&#34;#maritime-economics&#34; class=&#34;subheading-anchor&#34; aria-label=&#34;Permalink for this section&#34;&gt;&lt;/a&gt;&lt;/h2&gt;&lt;ul&gt;
&lt;li&gt;Economic concepts&lt;/li&gt;
&lt;li&gt;Macroeconomics,Microeconomics and information economics&lt;/li&gt;
&lt;li&gt;International Trade,exchange rates and balance of payments&lt;/li&gt;
&lt;li&gt;Shipping costs,revenue and operational economics&lt;/li&gt;
&lt;/ul&gt;
&lt;h2&gt;Maritime Finance&lt;span class=&#34;absolute -mt-20&#34; id=&#34;maritime-finance&#34;&gt;&lt;/span&gt;
    &lt;a href=&#34;#maritime-finance&#34; class=&#34;subheading-anchor&#34; aria-label=&#34;Permalink for this section&#34;&gt;&lt;/a&gt;&lt;/h2&gt;&lt;ul&gt;
&lt;li&gt;Management accounting&lt;/li&gt;
&lt;li&gt;Cost accounting&lt;/li&gt;
&lt;li&gt;Financial management&lt;/li&gt;
&lt;li&gt;Trading finance&lt;/li&gt;
&lt;li&gt;International Finance&lt;/li&gt;
&lt;li&gt;Significance of Debt-equity structure  for shipping company&lt;/li&gt;
&lt;li&gt;Financial management for shipping&lt;/li&gt;
&lt;li&gt;Lender&amp;rsquo;s perspective in ship financing&lt;/li&gt;
&lt;li&gt;Debt financing and Bond markets&lt;/li&gt;
&lt;li&gt;Securitization&lt;/li&gt;
&lt;li&gt;Types of loans used in shipping finance&lt;/li&gt;
&lt;li&gt;Alternative sources of ship finance&lt;/li&gt;
&lt;/ul&gt;

      </description>
    </item>
    
    <item>
      <title>EM103 Maritime Law</title>
      <link>https://anirbanmarine.in/docs/parta/marlaw/</link>
      <pubDate>Mon, 01 Jan 0001 00:00:00 +0000</pubDate>
      
      <guid>https://anirbanmarine.in/docs/parta/marlaw/</guid>
      <description>
        
        
        &lt;h2&gt;Overview of different types of Constitutions and Legal systems of the world : common law jurisdictions ,civil law jurisdictions.&lt;span class=&#34;absolute -mt-20&#34; id=&#34;overview-of-different-types-of-constitutions-and-legal-systems-of-the-world--common-law-jurisdictions-civil-law-jurisdictions&#34;&gt;&lt;/span&gt;
    &lt;a href=&#34;#overview-of-different-types-of-constitutions-and-legal-systems-of-the-world--common-law-jurisdictions-civil-law-jurisdictions&#34; class=&#34;subheading-anchor&#34; aria-label=&#34;Permalink for this section&#34;&gt;&lt;/a&gt;&lt;/h2&gt;&lt;h2&gt;Overview of civil law and commercial law and civil procedures code.&lt;span class=&#34;absolute -mt-20&#34; id=&#34;overview-of-civil-law-and-commercial-law-and-civil-procedures-code&#34;&gt;&lt;/span&gt;
    &lt;a href=&#34;#overview-of-civil-law-and-commercial-law-and-civil-procedures-code&#34; class=&#34;subheading-anchor&#34; aria-label=&#34;Permalink for this section&#34;&gt;&lt;/a&gt;&lt;/h2&gt;&lt;ul&gt;
&lt;li&gt;
&lt;p&gt;Law of contract&lt;/p&gt;
&lt;ul&gt;
&lt;li&gt;Contract of Indemnity&lt;/li&gt;
&lt;li&gt;Contract of Guarantee&lt;/li&gt;
&lt;li&gt;Surety&lt;/li&gt;
&lt;li&gt;Bailment&lt;/li&gt;
&lt;li&gt;Pledge&lt;/li&gt;
&lt;/ul&gt;
&lt;/li&gt;
&lt;li&gt;
&lt;p&gt;Different types of agreements and contracts used in maritime sector&lt;/p&gt;
&lt;ul&gt;
&lt;li&gt;Employment contracts&lt;/li&gt;
&lt;li&gt;Commercial contracts&lt;/li&gt;
&lt;li&gt;Ship managers agreement&lt;/li&gt;
&lt;/ul&gt;
&lt;/li&gt;
&lt;li&gt;
&lt;p&gt;Law of agency&lt;/p&gt;
&lt;/li&gt;
&lt;li&gt;
&lt;p&gt;Overview of Banking Law and Negotiable instruments&lt;/p&gt;
&lt;/li&gt;
&lt;li&gt;
&lt;p&gt;Arbitration and Dispute Resolution process and procedure involved .Relevance of IMAA, ICA and other bodies.&lt;/p&gt;
&lt;/li&gt;
&lt;/ul&gt;
&lt;h2&gt;Overview of Criminal Law&lt;span class=&#34;absolute -mt-20&#34; id=&#34;overview-of-criminal-law&#34;&gt;&lt;/span&gt;
    &lt;a href=&#34;#overview-of-criminal-law&#34; class=&#34;subheading-anchor&#34; aria-label=&#34;Permalink for this section&#34;&gt;&lt;/a&gt;&lt;/h2&gt;&lt;ul&gt;
&lt;li&gt;International Criminal Law with respect to Piracy, Armed Robbery , Criminal Trespass , Crimes against Humanity etc.&lt;/li&gt;
&lt;/ul&gt;
&lt;h2&gt;Mational Maritime Regulations&lt;span class=&#34;absolute -mt-20&#34; id=&#34;mational-maritime-regulations&#34;&gt;&lt;/span&gt;
    &lt;a href=&#34;#mational-maritime-regulations&#34; class=&#34;subheading-anchor&#34; aria-label=&#34;Permalink for this section&#34;&gt;&lt;/a&gt;&lt;/h2&gt;&lt;h2&gt;International agreements and overview of Vienna Convention and Law of Treaties&lt;span class=&#34;absolute -mt-20&#34; id=&#34;international-agreements-and-overview-of-vienna-convention-and-law-of-treaties&#34;&gt;&lt;/span&gt;
    &lt;a href=&#34;#international-agreements-and-overview-of-vienna-convention-and-law-of-treaties&#34; class=&#34;subheading-anchor&#34; aria-label=&#34;Permalink for this section&#34;&gt;&lt;/a&gt;&lt;/h2&gt;&lt;h2&gt;United Nations, its specialized agencies&lt;span class=&#34;absolute -mt-20&#34; id=&#34;united-nations-its-specialized-agencies&#34;&gt;&lt;/span&gt;
    &lt;a href=&#34;#united-nations-its-specialized-agencies&#34; class=&#34;subheading-anchor&#34; aria-label=&#34;Permalink for this section&#34;&gt;&lt;/a&gt;&lt;/h2&gt;&lt;h2&gt;International Conventions&lt;span class=&#34;absolute -mt-20&#34; id=&#34;international-conventions&#34;&gt;&lt;/span&gt;
    &lt;a href=&#34;#international-conventions&#34; class=&#34;subheading-anchor&#34; aria-label=&#34;Permalink for this section&#34;&gt;&lt;/a&gt;&lt;/h2&gt;&lt;h2&gt;Maritime frauds&lt;span class=&#34;absolute -mt-20&#34; id=&#34;maritime-frauds&#34;&gt;&lt;/span&gt;
    &lt;a href=&#34;#maritime-frauds&#34; class=&#34;subheading-anchor&#34; aria-label=&#34;Permalink for this section&#34;&gt;&lt;/a&gt;&lt;/h2&gt;&lt;h2&gt;Law of Torts&lt;span class=&#34;absolute -mt-20&#34; id=&#34;law-of-torts&#34;&gt;&lt;/span&gt;
    &lt;a href=&#34;#law-of-torts&#34; class=&#34;subheading-anchor&#34; aria-label=&#34;Permalink for this section&#34;&gt;&lt;/a&gt;&lt;/h2&gt;
      </description>
    </item>
    
  </channel>
</rss>
