<rss version="2.0" xmlns:atom="http://www.w3.org/2005/Atom">
  <channel>
    <title>Study Extra Master – Marine Resources</title>
    <link>https://anirbanmarine.in/docs/partc/em301/marineres/</link>
    <description>Recent content in Marine Resources on Study Extra Master</description>
    <generator>Hugo -- gohugo.io</generator>
    <language>en-us</language>
    
	  <atom:link href="https://anirbanmarine.in/docs/partc/em301/marineres/index.xml" rel="self" type="application/rss+xml" />
    
    
      
        
      
    
    
    <item>
      <title>Fishing</title>
      <link>https://anirbanmarine.in/docs/partc/em301/marineres/marfish/</link>
      <pubDate>Mon, 01 Jan 0001 00:00:00 +0000</pubDate>
      
      <guid>https://anirbanmarine.in/docs/partc/em301/marineres/marfish/</guid>
      <description>
        
        
        &lt;ol&gt;
&lt;li&gt;&lt;a href=&#34;https://anirbanmarine.in/docs/partc/em301/marineres/marfish/fishtyp/&#34; &gt;Types of Fish&lt;/a&gt;&lt;/li&gt;
&lt;li&gt;&lt;a href=&#34;https://anirbanmarine.in/docs/partc/em301/marineres/marfish/fishgrnd/&#34; &gt;Geographical location of Fishing Grounds&lt;/a&gt;&lt;/li&gt;
&lt;li&gt;&lt;a href=&#34;https://anirbanmarine.in/docs/partc/em301/marineres/marfish/conserv/&#34; &gt;Conservation of resources&lt;/a&gt;&lt;/li&gt;
&lt;li&gt;&lt;a href=&#34;https://anirbanmarine.in/docs/partc/em301/marineres/marfish/demerpelag/&#34; &gt;Demersal and pelagic fishing methods&lt;/a&gt;&lt;/li&gt;
&lt;li&gt;&lt;a href=&#34;https://anirbanmarine.in/docs/partc/em301/marineres/marfish/fishfactory/&#34; &gt;Factory Vessels&lt;/a&gt;&lt;/li&gt;
&lt;li&gt;&lt;a href=&#34;https://anirbanmarine.in/docs/partc/em301/marineres/marfish/fishfarm/&#34; &gt;Marine fish farming&lt;/a&gt;&lt;/li&gt;
&lt;/ol&gt;

      </description>
    </item>
    
    <item>
      <title>Marine Resources -Oil and Gas</title>
      <link>https://anirbanmarine.in/docs/partc/em301/marineres/oilngas/</link>
      <pubDate>Mon, 01 Jan 0001 00:00:00 +0000</pubDate>
      
      <guid>https://anirbanmarine.in/docs/partc/em301/marineres/oilngas/</guid>
      <description>
        
        
        &lt;ol&gt;
&lt;li&gt;&lt;a href=&#34;https://anirbanmarine.in/docs/partc/em301/marineres/oilngas/typesofships/&#34; &gt;Types of Drilling Rigs,drill ships, well head production platforms&lt;/a&gt;&lt;/li&gt;
&lt;li&gt;&lt;a href=&#34;https://anirbanmarine.in/docs/partc/em301/marineres/oilngas/storage/&#34; &gt;Storage Facilities&lt;/a&gt;&lt;/li&gt;
&lt;li&gt;&lt;a href=&#34;https://anirbanmarine.in/docs/partc/em301/marineres/oilngas/terminaltypes/&#34; &gt;Types of sea terminals&lt;/a&gt;&lt;/li&gt;
&lt;li&gt;&lt;a href=&#34;https://anirbanmarine.in/docs/partc/em301/marineres/oilngas/drilling/&#34; &gt;General Ideas on Drilling&lt;/a&gt;&lt;/li&gt;
&lt;li&gt;&lt;a href=&#34;https://anirbanmarine.in/docs/partc/em301/marineres/oilngas/pipelay/&#34; &gt;Pipe Laying and the use of submersibles&lt;/a&gt;&lt;/li&gt;
&lt;/ol&gt;

      </description>
    </item>
    
    <item>
      <title>Marine Resources- Minerals</title>
      <link>https://anirbanmarine.in/docs/partc/em301/marineres/minerals/</link>
      <pubDate>Mon, 01 Jan 0001 00:00:00 +0000</pubDate>
      
      <guid>https://anirbanmarine.in/docs/partc/em301/marineres/minerals/</guid>
      <description>
        
        
        &lt;ol&gt;
&lt;li&gt;&lt;a href=&#34;https://anirbanmarine.in/docs/partc/em301/marineres/minerals/mineralsextract/&#34; &gt;Methods of extracting minerals from seawater&lt;/a&gt;&lt;/li&gt;
&lt;li&gt;&lt;a href=&#34;https://anirbanmarine.in/docs/partc/em301/marineres/minerals/desalination/&#34; &gt;Desalination processes&lt;/a&gt;&lt;/li&gt;
&lt;li&gt;&lt;a href=&#34;https://anirbanmarine.in/docs/partc/em301/marineres/minerals/sandgrvldredge/&#34; &gt;Sand and gravel dredging&lt;/a&gt;&lt;/li&gt;
&lt;li&gt;&lt;a href=&#34;https://anirbanmarine.in/docs/partc/em301/marineres/minerals/mineralextraction/&#34; &gt;Extraction of minerals from seabed&lt;/a&gt;&lt;/li&gt;
&lt;li&gt;&lt;a href=&#34;https://anirbanmarine.in/docs/partc/em301/marineres/minerals/mineralextraction/&#34; &gt;Sub-sea mining&lt;/a&gt;&lt;/li&gt;
&lt;li&gt;&lt;a href=&#34;https://anirbanmarine.in/docs/partc/em301/marineres/minerals/seismicsonarprofiling/&#34; &gt;Seismic and sonar profiling&lt;/a&gt;&lt;/li&gt;
&lt;li&gt;&lt;a href=&#34;https://anirbanmarine.in/docs/partc/em301/marineres/minerals/seabedsample/&#34; &gt;Seabed sampling&lt;/a&gt;&lt;/li&gt;
&lt;/ol&gt;

      </description>
    </item>
    
    <item>
      <title>Marine Resources-Power</title>
      <link>https://anirbanmarine.in/docs/partc/em301/marineres/power/</link>
      <pubDate>Mon, 01 Jan 0001 00:00:00 +0000</pubDate>
      
      <guid>https://anirbanmarine.in/docs/partc/em301/marineres/power/</guid>
      <description>
        
        
        &lt;ol&gt;
&lt;li&gt;&lt;a href=&#34;https://anirbanmarine.in/docs/partc/em301/marineres/power/energyfmsea/&#34; &gt;Harnessing Energy from the sea&lt;/a&gt;&lt;/li&gt;
&lt;li&gt;&lt;a href=&#34;https://anirbanmarine.in/docs/partc/em301/marineres/power/tidalpower/&#34; &gt;Tidal Power Stations&lt;/a&gt;&lt;/li&gt;
&lt;/ol&gt;

      </description>
    </item>
    
  </channel>
</rss>
