<rss version="2.0" xmlns:atom="http://www.w3.org/2005/Atom">
  <channel>
    <title>Study Extra Master – Geology and Oceanography</title>
    <link>https://anirbanmarine.in/docs/partc/em301/oceanogeo/</link>
    <description>Recent content in Geology and Oceanography on Study Extra Master</description>
    <generator>Hugo -- gohugo.io</generator>
    <language>en-us</language>
    
	  <atom:link href="https://anirbanmarine.in/docs/partc/em301/oceanogeo/index.xml" rel="self" type="application/rss+xml" />
    
    
      
        
      
    
    
    <item>
      <title>Active geological processes</title>
      <link>https://anirbanmarine.in/docs/partc/em301/oceanogeo/actgeo/</link>
      <pubDate>Mon, 01 Jan 0001 00:00:00 +0000</pubDate>
      
      <guid>https://anirbanmarine.in/docs/partc/em301/oceanogeo/actgeo/</guid>
      <description>
        
        
        &lt;h2&gt;What are Active Geological processes?&lt;span class=&#34;absolute -mt-20&#34; id=&#34;what-are-active-geological-processes&#34;&gt;&lt;/span&gt;
    &lt;a href=&#34;#what-are-active-geological-processes&#34; class=&#34;subheading-anchor&#34; aria-label=&#34;Permalink for this section&#34;&gt;&lt;/a&gt;&lt;/h2&gt;&lt;p&gt;Active geological processes are the forces that are constantly shaping and changing the Earth&amp;rsquo;s surface. These processes can be slow and gradual, like erosion, or they can be sudden and catastrophic, like volcanic eruptions and earthquakes.&lt;/p&gt;
&lt;h2&gt;Here are some examples of active geological processes:&lt;span class=&#34;absolute -mt-20&#34; id=&#34;here-are-some-examples-of-active-geological-processes&#34;&gt;&lt;/span&gt;
    &lt;a href=&#34;#here-are-some-examples-of-active-geological-processes&#34; class=&#34;subheading-anchor&#34; aria-label=&#34;Permalink for this section&#34;&gt;&lt;/a&gt;&lt;/h2&gt;&lt;h3&gt;Volcanoes&lt;span class=&#34;absolute -mt-20&#34; id=&#34;volcanoes&#34;&gt;&lt;/span&gt;
    &lt;a href=&#34;#volcanoes&#34; class=&#34;subheading-anchor&#34; aria-label=&#34;Permalink for this section&#34;&gt;&lt;/a&gt;&lt;/h3&gt;&lt;p&gt;Volcanoes are openings in the Earth&amp;rsquo;s crust that allow molten rock, ash, and gases to escape. When a volcano erupts, it can release a tremendous amount of energy, causing widespread destruction.&lt;/p&gt;
&lt;h3&gt;Earthquakes&lt;span class=&#34;absolute -mt-20&#34; id=&#34;earthquakes&#34;&gt;&lt;/span&gt;
    &lt;a href=&#34;#earthquakes&#34; class=&#34;subheading-anchor&#34; aria-label=&#34;Permalink for this section&#34;&gt;&lt;/a&gt;&lt;/h3&gt;&lt;p&gt;Earthquakes are caused by the sudden release of energy in the Earth&amp;rsquo;s crust. This energy can be released by the movement of tectonic plates, or by the eruption of a volcano. Earthquakes can cause widespread damage to buildings and infrastructure.&lt;/p&gt;
&lt;h3&gt;Erosion&lt;span class=&#34;absolute -mt-20&#34; id=&#34;erosion&#34;&gt;&lt;/span&gt;
    &lt;a href=&#34;#erosion&#34; class=&#34;subheading-anchor&#34; aria-label=&#34;Permalink for this section&#34;&gt;&lt;/a&gt;&lt;/h3&gt;&lt;p&gt;Erosion is the process of wearing away and transporting rock and soil. It can be caused by wind, water, ice, and gravity. Erosion is a natural process that helps to shape the Earth&amp;rsquo;s surface, but it can also be a problem, especially in areas where it is accelerated by human activities.&lt;/p&gt;
&lt;h3&gt;Glaciations&lt;span class=&#34;absolute -mt-20&#34; id=&#34;glaciations&#34;&gt;&lt;/span&gt;
    &lt;a href=&#34;#glaciations&#34; class=&#34;subheading-anchor&#34; aria-label=&#34;Permalink for this section&#34;&gt;&lt;/a&gt;&lt;/h3&gt;&lt;p&gt;Glaciations are periods of time when the Earth&amp;rsquo;s surface is covered in ice sheets and glaciers. Glaciations can last for millions of years, and they have a significant impact on the Earth&amp;rsquo;s climate and environment.&lt;/p&gt;
&lt;p&gt;These are just a few examples of the many active geological processes that are shaping the Earth today. These processes are essential for maintaining the planet&amp;rsquo;s habitability, but they can also pose a threat to human life and property. It is important to understand these processes and how to mitigate their risks.&lt;/p&gt;

      </description>
    </item>
    
    <item>
      <title>Bathymetric Studies</title>
      <link>https://anirbanmarine.in/docs/partc/em301/oceanogeo/bathy/</link>
      <pubDate>Mon, 01 Jan 0001 00:00:00 +0000</pubDate>
      
      <guid>https://anirbanmarine.in/docs/partc/em301/oceanogeo/bathy/</guid>
      <description>
        
        
        &lt;h2&gt;What are Bathymetric Studies?&lt;span class=&#34;absolute -mt-20&#34; id=&#34;what-are-bathymetric-studies&#34;&gt;&lt;/span&gt;
    &lt;a href=&#34;#what-are-bathymetric-studies&#34; class=&#34;subheading-anchor&#34; aria-label=&#34;Permalink for this section&#34;&gt;&lt;/a&gt;&lt;/h2&gt;&lt;p&gt;Bathymetric studies are essential for understanding the oceans. They provide information about the depth and shape of the seafloor, which can be used to map ocean currents, identify potential hazards, and understand the distribution of marine life.&lt;/p&gt;
&lt;h2&gt;Methods of Bathymetric Studies&lt;span class=&#34;absolute -mt-20&#34; id=&#34;methods-of-bathymetric-studies&#34;&gt;&lt;/span&gt;
    &lt;a href=&#34;#methods-of-bathymetric-studies&#34; class=&#34;subheading-anchor&#34; aria-label=&#34;Permalink for this section&#34;&gt;&lt;/a&gt;&lt;/h2&gt;&lt;p&gt;Two common methods of bathymetric data collection are precision depth recorders (PDRs) and side-scan sonar (SOPAR).&lt;/p&gt;
&lt;ol&gt;
&lt;li&gt;
&lt;p&gt;Precision depth recorders (PDRs) are acoustic devices that measure the depth of the seafloor by sending out a sound pulse and recording the time it takes for the echo to return. PDRs are typically mounted on the bottom of a ship or other vessel, and they can provide accurate depth measurements at high speeds.&lt;/p&gt;
&lt;/li&gt;
&lt;li&gt;
&lt;p&gt;Side-scan sonar (SOPAR) is a type of sonar that uses sound waves to create images of the seafloor. SOPAR systems typically consist of two transducers that are mounted on the sides of a vessel. The transducers emit sound waves that bounce off the seafloor and are received by the other transducer. The difference in arrival time of the two echoes is used to create an image of the seafloor.&lt;/p&gt;
&lt;/li&gt;
&lt;/ol&gt;
&lt;h2&gt;How is the Bathymetric Data used?&lt;span class=&#34;absolute -mt-20&#34; id=&#34;how-is-the-bathymetric-data-used&#34;&gt;&lt;/span&gt;
    &lt;a href=&#34;#how-is-the-bathymetric-data-used&#34; class=&#34;subheading-anchor&#34; aria-label=&#34;Permalink for this section&#34;&gt;&lt;/a&gt;&lt;/h2&gt;&lt;p&gt;Bathymetric data collected using PDRs and SOPAR can be used to create detailed maps of the seafloor. These maps can be used for a variety of purposes, including:&lt;/p&gt;
&lt;ol&gt;
&lt;li&gt;
&lt;p&gt;Mapping ocean currents: The depth and shape of the seafloor can influence the movement of ocean currents. Bathymetric data can be used to create models of ocean currents, which can be used to predict their behavior and impact on shipping, fisheries, and other human activities.&lt;/p&gt;
&lt;/li&gt;
&lt;li&gt;
&lt;p&gt;Identifying potential hazards: Bathymetric data can be used to identify potential hazards such as underwater mountains, shipwrecks, and unexploded ordnance. This information can be used to avoid these hazards and reduce the risk of accidents.&lt;/p&gt;
&lt;/li&gt;
&lt;li&gt;
&lt;p&gt;Understanding the distribution of marine life: The depth and shape of the seafloor can also influence the distribution of marine life. Bathymetric data can be used to identify areas that are suitable for different types of marine life, which can be used to inform conservation and management efforts.&lt;/p&gt;
&lt;/li&gt;
&lt;/ol&gt;
&lt;p&gt;In addition to these specific applications, bathymetric data is also essential for basic research on the oceans. For example, bathymetric data can be used to study the formation and evolution of ocean basins, the movement of tectonic plates, and the impact of climate change on the oceans.&lt;/p&gt;
&lt;p&gt;Overall, bathymetric studies play a vital role in our understanding of the oceans. PDRs and SOPAR are two common methods of bathymetric data collection that provide accurate and high-resolution data. This data can be used for a variety of purposes, including mapping ocean currents, identifying potential hazards, and understanding the distribution of marine life.&lt;/p&gt;

      </description>
    </item>
    
    <item>
      <title>Distribution of Salinity, Temperature and Density of Water</title>
      <link>https://anirbanmarine.in/docs/partc/em301/oceanogeo/watermass/</link>
      <pubDate>Mon, 01 Jan 0001 00:00:00 +0000</pubDate>
      
      <guid>https://anirbanmarine.in/docs/partc/em301/oceanogeo/watermass/</guid>
      <description>
        
        
        &lt;h2&gt;The distribution of salinity, temperature, and density of water masses is determined by a number of factors, including:&lt;span class=&#34;absolute -mt-20&#34; id=&#34;the-distribution-of-salinity-temperature-and-density-of-water-masses-is-determined-by-a-number-of-factors-including&#34;&gt;&lt;/span&gt;
    &lt;a href=&#34;#the-distribution-of-salinity-temperature-and-density-of-water-masses-is-determined-by-a-number-of-factors-including&#34; class=&#34;subheading-anchor&#34; aria-label=&#34;Permalink for this section&#34;&gt;&lt;/a&gt;&lt;/h2&gt;&lt;h3&gt;Latitude:&lt;span class=&#34;absolute -mt-20&#34; id=&#34;latitude&#34;&gt;&lt;/span&gt;
    &lt;a href=&#34;#latitude&#34; class=&#34;subheading-anchor&#34; aria-label=&#34;Permalink for this section&#34;&gt;&lt;/a&gt;&lt;/h3&gt;&lt;p&gt;Salinity and temperature generally decrease with increasing latitude. This is because the sun&amp;rsquo;s rays are more intense at the equator, which causes the water to evaporate and leave behind the salt. The evaporated water then travels to the poles, where it condenses and falls as precipitation. This precipitation dilutes the salinity of the ocean water and lowers its temperature.&lt;/p&gt;
&lt;h3&gt;Depth:&lt;span class=&#34;absolute -mt-20&#34; id=&#34;depth&#34;&gt;&lt;/span&gt;
    &lt;a href=&#34;#depth&#34; class=&#34;subheading-anchor&#34; aria-label=&#34;Permalink for this section&#34;&gt;&lt;/a&gt;&lt;/h3&gt;&lt;p&gt;Salinity and temperature generally decrease with increasing depth. This is because the sun&amp;rsquo;s rays cannot penetrate very deep into the ocean, so the water is not as warm. Additionally, the pressure at greater depths is higher, which causes the water to become denser.&lt;/p&gt;
&lt;h3&gt;Ocean currents:&lt;span class=&#34;absolute -mt-20&#34; id=&#34;ocean-currents&#34;&gt;&lt;/span&gt;
    &lt;a href=&#34;#ocean-currents&#34; class=&#34;subheading-anchor&#34; aria-label=&#34;Permalink for this section&#34;&gt;&lt;/a&gt;&lt;/h3&gt;&lt;p&gt;Ocean currents can transport water masses from one region to another, which can have a significant impact on the distribution of salinity, temperature, and density. For example, the Gulf Stream transports warm, salty water from the Gulf of Mexico to the North Atlantic Ocean. This warm water helps to keep the North Atlantic Ocean relatively warm, even in the winter months.&lt;/p&gt;
&lt;h3&gt;Water Masses:&lt;span class=&#34;absolute -mt-20&#34; id=&#34;water-masses&#34;&gt;&lt;/span&gt;
    &lt;a href=&#34;#water-masses&#34; class=&#34;subheading-anchor&#34; aria-label=&#34;Permalink for this section&#34;&gt;&lt;/a&gt;&lt;/h3&gt;&lt;p&gt;Water masses are defined by their characteristic salinity and temperature properties. They are formed when water with a specific salinity and temperature range sinks below the surrounding water. This sinking can occur at high latitudes, where the water is very cold and dense, or at convergences, where two different water masses meet.&lt;/p&gt;
&lt;p&gt;Once a water mass has formed, it can travel long distances throughout the ocean. Water masses play an important role in global climate and ocean circulation. They transport heat and nutrients around the globe, and they can influence the formation of storms and other weather patterns.&lt;/p&gt;
&lt;h2&gt;Here is a general overview of the distribution of salinity, temperature, and density in the world&amp;rsquo;s oceans:&lt;span class=&#34;absolute -mt-20&#34; id=&#34;here-is-a-general-overview-of-the-distribution-of-salinity-temperature-and-density-in-the-worlds-oceans&#34;&gt;&lt;/span&gt;
    &lt;a href=&#34;#here-is-a-general-overview-of-the-distribution-of-salinity-temperature-and-density-in-the-worlds-oceans&#34; class=&#34;subheading-anchor&#34; aria-label=&#34;Permalink for this section&#34;&gt;&lt;/a&gt;&lt;/h2&gt;&lt;h3&gt;Surface salinity:&lt;span class=&#34;absolute -mt-20&#34; id=&#34;surface-salinity&#34;&gt;&lt;/span&gt;
    &lt;a href=&#34;#surface-salinity&#34; class=&#34;subheading-anchor&#34; aria-label=&#34;Permalink for this section&#34;&gt;&lt;/a&gt;&lt;/h3&gt;&lt;p&gt;Surface salinity is highest in the subtropics and tropics, where the sun&amp;rsquo;s rays are most intense. It is lowest in the polar regions, where there is more precipitation and less evaporation.&lt;/p&gt;
&lt;h3&gt;Surface temperature:&lt;span class=&#34;absolute -mt-20&#34; id=&#34;surface-temperature&#34;&gt;&lt;/span&gt;
    &lt;a href=&#34;#surface-temperature&#34; class=&#34;subheading-anchor&#34; aria-label=&#34;Permalink for this section&#34;&gt;&lt;/a&gt;&lt;/h3&gt;&lt;p&gt;Surface temperature is also highest in the subtropics and tropics, and lowest in the polar regions. However, there are also significant regional variations in surface temperature. For example, the eastern equatorial Pacific Ocean is much cooler than the western equatorial Pacific Ocean. This is due to the upwelling of cold water from the deep ocean in the eastern Pacific.&lt;/p&gt;
&lt;h3&gt;Deep ocean salinity and temperature:&lt;span class=&#34;absolute -mt-20&#34; id=&#34;deep-ocean-salinity-and-temperature&#34;&gt;&lt;/span&gt;
    &lt;a href=&#34;#deep-ocean-salinity-and-temperature&#34; class=&#34;subheading-anchor&#34; aria-label=&#34;Permalink for this section&#34;&gt;&lt;/a&gt;&lt;/h3&gt;&lt;p&gt;The deep ocean is much colder and more saline than the surface ocean. This is because the deep ocean is not warmed by the sun&amp;rsquo;s rays, and it is under a great deal of pressure.&lt;/p&gt;
&lt;h3&gt;Water masses:&lt;span class=&#34;absolute -mt-20&#34; id=&#34;water-masses-1&#34;&gt;&lt;/span&gt;
    &lt;a href=&#34;#water-masses-1&#34; class=&#34;subheading-anchor&#34; aria-label=&#34;Permalink for this section&#34;&gt;&lt;/a&gt;&lt;/h3&gt;&lt;p&gt;The world&amp;rsquo;s oceans can be divided into a number of different water masses, each with its own characteristic salinity and temperature properties. Some of the most important water masses include:&lt;/p&gt;
&lt;h3&gt;Central Water:&lt;span class=&#34;absolute -mt-20&#34; id=&#34;central-water&#34;&gt;&lt;/span&gt;
    &lt;a href=&#34;#central-water&#34; class=&#34;subheading-anchor&#34; aria-label=&#34;Permalink for this section&#34;&gt;&lt;/a&gt;&lt;/h3&gt;&lt;p&gt;Central Water is found in the central basins of the world&amp;rsquo;s oceans. It is typically warm and salty.&lt;/p&gt;
&lt;h3&gt;Subtropical Water:&lt;span class=&#34;absolute -mt-20&#34; id=&#34;subtropical-water&#34;&gt;&lt;/span&gt;
    &lt;a href=&#34;#subtropical-water&#34; class=&#34;subheading-anchor&#34; aria-label=&#34;Permalink for this section&#34;&gt;&lt;/a&gt;&lt;/h3&gt;&lt;p&gt;Subtropical Water is found in the subtropics and tropics. It is typically very warm and salty.&lt;/p&gt;
&lt;h3&gt;Subpolar Water:&lt;span class=&#34;absolute -mt-20&#34; id=&#34;subpolar-water&#34;&gt;&lt;/span&gt;
    &lt;a href=&#34;#subpolar-water&#34; class=&#34;subheading-anchor&#34; aria-label=&#34;Permalink for this section&#34;&gt;&lt;/a&gt;&lt;/h3&gt;&lt;p&gt;Subpolar Water is found in the subpolar regions. It is typically cold and salty.&lt;/p&gt;
&lt;h3&gt;Polar Water:&lt;span class=&#34;absolute -mt-20&#34; id=&#34;polar-water&#34;&gt;&lt;/span&gt;
    &lt;a href=&#34;#polar-water&#34; class=&#34;subheading-anchor&#34; aria-label=&#34;Permalink for this section&#34;&gt;&lt;/a&gt;&lt;/h3&gt;&lt;p&gt;Polar Water is found in the polar regions. It is very cold and fresh.&lt;/p&gt;
&lt;p&gt;Water masses move around the globe through ocean currents. For example, the Gulf Stream transports Central Water from the Gulf of Mexico to the North Atlantic Ocean. The North Atlantic Drift then transports this water further north, where it eventually sinks and forms North Atlantic Deep Water. North Atlantic Deep Water is a very cold and dense water mass that sinks to the bottom of the ocean and flows southward. It eventually spreads out into all of the world&amp;rsquo;s oceans.&lt;/p&gt;
&lt;p&gt;The distribution of salinity, temperature, and density of water masses has a significant impact on marine life and ecosystems. For example, some marine organisms are adapted to living in specific salinity and temperature ranges. Additionally, the movement of water masses can transport nutrients and food sources around the globe, which can influence the distribution of marine life.&lt;/p&gt;

      </description>
    </item>
    
    <item>
      <title>Earth&#39;s status and Earth&#39;s interior age</title>
      <link>https://anirbanmarine.in/docs/partc/em301/oceanogeo/earthintro/</link>
      <pubDate>Mon, 01 Jan 0001 00:00:00 +0000</pubDate>
      
      <guid>https://anirbanmarine.in/docs/partc/em301/oceanogeo/earthintro/</guid>
      <description>
        
        
        &lt;h2&gt;The Earth&lt;span class=&#34;absolute -mt-20&#34; id=&#34;the-earth&#34;&gt;&lt;/span&gt;
    &lt;a href=&#34;#the-earth&#34; class=&#34;subheading-anchor&#34; aria-label=&#34;Permalink for this section&#34;&gt;&lt;/a&gt;&lt;/h2&gt;&lt;p&gt;Earth is a terrestrial planet in the Solar System, the third planet from the Sun. It is the only astronomical object known to support life. Earth is a sphere with a slightly flattened diameter of about 12,742 kilometers (7,918 mi). Its mass is about 5.972 × 10^24 kilograms (1.317 × 10^25 lb). Earth&amp;rsquo;s atmosphere is composed of 78.09% nitrogen, 20.95% oxygen, 0.93% argon, 0.04% carbon dioxide, and small amounts of other gases. Earth&amp;rsquo;s hydrosphere covers about 71% of its surface and is essential for life.&lt;/p&gt;
&lt;h2&gt;Earth&amp;rsquo;s interior is divided into three main layers:&lt;span class=&#34;absolute -mt-20&#34; id=&#34;earths-interior-is-divided-into-three-main-layers&#34;&gt;&lt;/span&gt;
    &lt;a href=&#34;#earths-interior-is-divided-into-three-main-layers&#34; class=&#34;subheading-anchor&#34; aria-label=&#34;Permalink for this section&#34;&gt;&lt;/a&gt;&lt;/h2&gt;&lt;ol&gt;
&lt;li&gt;
&lt;p&gt;The crust is the outermost layer and is made up of solid rock. It is about 5 to 70 kilometers (3 to 43 mi) thick.&lt;/p&gt;
&lt;/li&gt;
&lt;li&gt;
&lt;p&gt;The mantle is the middle layer and is made up of molten rock. It is about 2,900 kilometers (1,800 mi) thick.&lt;/p&gt;
&lt;/li&gt;
&lt;li&gt;
&lt;p&gt;The core is the innermost layer and is made up of solid iron and nickel. It is about 7,000 kilometers (4,300 mi) thick.&lt;/p&gt;
&lt;/li&gt;
&lt;/ol&gt;
&lt;h2&gt;Earth&amp;rsquo;s interior age&lt;span class=&#34;absolute -mt-20&#34; id=&#34;earths-interior-age&#34;&gt;&lt;/span&gt;
    &lt;a href=&#34;#earths-interior-age&#34; class=&#34;subheading-anchor&#34; aria-label=&#34;Permalink for this section&#34;&gt;&lt;/a&gt;&lt;/h2&gt;&lt;p&gt;The age of Earth&amp;rsquo;s interior is estimated to be about 4.54 billion years old. This is based on the age of meteorites, which are thought to have formed from the same material as the early Earth.&lt;/p&gt;
&lt;h2&gt;Scientists have used a variety of methods to estimate the age of Earth&amp;rsquo;s interior, including:&lt;span class=&#34;absolute -mt-20&#34; id=&#34;scientists-have-used-a-variety-of-methods-to-estimate-the-age-of-earths-interior-including&#34;&gt;&lt;/span&gt;
    &lt;a href=&#34;#scientists-have-used-a-variety-of-methods-to-estimate-the-age-of-earths-interior-including&#34; class=&#34;subheading-anchor&#34; aria-label=&#34;Permalink for this section&#34;&gt;&lt;/a&gt;&lt;/h2&gt;&lt;ol&gt;
&lt;li&gt;
&lt;p&gt;Radiometric dating: This method uses the decay of radioactive isotopes to determine the age of rocks and minerals.&lt;/p&gt;
&lt;/li&gt;
&lt;li&gt;
&lt;p&gt;Paleomagnetism: This method studies the magnetic field of the Earth as it has changed over time.&lt;/p&gt;
&lt;/li&gt;
&lt;li&gt;
&lt;p&gt;Geochronology: This method studies the layering of rocks to determine their relative ages.
These methods have all given similar ages for Earth&amp;rsquo;s interior, suggesting that it formed about 4.54 billion years ago.&lt;/p&gt;
&lt;/li&gt;
&lt;/ol&gt;
&lt;p&gt;Conclusion:&lt;/p&gt;
&lt;p&gt;Earth is a dynamic planet with a complex interior. Scientists are still learning about the age and composition of Earth&amp;rsquo;s interior, but they have made significant progress in recent years.&lt;/p&gt;

      </description>
    </item>
    
    <item>
      <title>General characteristics of the seas</title>
      <link>https://anirbanmarine.in/docs/partc/em301/oceanogeo/seas/</link>
      <pubDate>Mon, 01 Jan 0001 00:00:00 +0000</pubDate>
      
      <guid>https://anirbanmarine.in/docs/partc/em301/oceanogeo/seas/</guid>
      <description>
        
        
        &lt;h2&gt;General characteristics of the seas&lt;span class=&#34;absolute -mt-20&#34; id=&#34;general-characteristics-of-the-seas&#34;&gt;&lt;/span&gt;
    &lt;a href=&#34;#general-characteristics-of-the-seas&#34; class=&#34;subheading-anchor&#34; aria-label=&#34;Permalink for this section&#34;&gt;&lt;/a&gt;&lt;/h2&gt;&lt;p&gt;Seas are smaller bodies of water than oceans and are usually partially enclosed by land.
Seas are typically shallower than oceans, with an average depth of about 650 feet (200 meters).
The salinity of seas can vary depending on the location, but it is generally lower than the salinity of oceans.
Seas are home to a variety of marine life, including fish, shellfish, and seabirds.
Bottom topography of the seas&lt;/p&gt;
&lt;h2&gt;The bottom topography of the seas can vary depending on the location. However, there are some general trends:&lt;span class=&#34;absolute -mt-20&#34; id=&#34;the-bottom-topography-of-the-seas-can-vary-depending-on-the-location-however-there-are-some-general-trends&#34;&gt;&lt;/span&gt;
    &lt;a href=&#34;#the-bottom-topography-of-the-seas-can-vary-depending-on-the-location-however-there-are-some-general-trends&#34; class=&#34;subheading-anchor&#34; aria-label=&#34;Permalink for this section&#34;&gt;&lt;/a&gt;&lt;/h2&gt;&lt;ol&gt;
&lt;li&gt;
&lt;p&gt;The continental shelf is the submerged extension of a continent&amp;rsquo;s continental margin. It is typically a gently sloping plain that extends from the shoreline to the edge of the continental slope.&lt;/p&gt;
&lt;/li&gt;
&lt;li&gt;
&lt;p&gt;The continental slope is the steep slope that descends from the continental shelf to the ocean floor.&lt;/p&gt;
&lt;/li&gt;
&lt;li&gt;
&lt;p&gt;The ocean floor is the deepest part of the ocean and is located beneath the continental shelf and slope. The ocean floor is divided into three main regions: the abyssal plain, the mid-ocean ridges, and the deep-sea trenches.
Coastline and beaches&lt;/p&gt;
&lt;/li&gt;
&lt;/ol&gt;
&lt;h3&gt;The coastline&lt;span class=&#34;absolute -mt-20&#34; id=&#34;the-coastline&#34;&gt;&lt;/span&gt;
    &lt;a href=&#34;#the-coastline&#34; class=&#34;subheading-anchor&#34; aria-label=&#34;Permalink for this section&#34;&gt;&lt;/a&gt;&lt;/h3&gt;&lt;p&gt;is the boundary between the land and the sea. Coastlines can be classified into two main types: erosional and depositional.&lt;/p&gt;
&lt;h3&gt;Erosional coastlines&lt;span class=&#34;absolute -mt-20&#34; id=&#34;erosional-coastlines&#34;&gt;&lt;/span&gt;
    &lt;a href=&#34;#erosional-coastlines&#34; class=&#34;subheading-anchor&#34; aria-label=&#34;Permalink for this section&#34;&gt;&lt;/a&gt;&lt;/h3&gt;&lt;p&gt;are characterized by cliffs, rocky shores, and other features that have been created by the erosion of the land by the sea. Depositional coastlines are characterized by beaches, sand dunes, and other features that have been created by the deposition of sediment by the sea.&lt;/p&gt;
&lt;h3&gt;Beaches&lt;span class=&#34;absolute -mt-20&#34; id=&#34;beaches&#34;&gt;&lt;/span&gt;
    &lt;a href=&#34;#beaches&#34; class=&#34;subheading-anchor&#34; aria-label=&#34;Permalink for this section&#34;&gt;&lt;/a&gt;&lt;/h3&gt;&lt;p&gt;are narrow strips of sand or gravel that are located along the coastline. Beaches are formed by the deposition of sediment by the waves and currents. Beaches can vary in size and shape depending on the location and the type of sediment that is available.&lt;/p&gt;
&lt;h3&gt;Conclusion&lt;span class=&#34;absolute -mt-20&#34; id=&#34;conclusion&#34;&gt;&lt;/span&gt;
    &lt;a href=&#34;#conclusion&#34; class=&#34;subheading-anchor&#34; aria-label=&#34;Permalink for this section&#34;&gt;&lt;/a&gt;&lt;/h3&gt;&lt;p&gt;The seas are important ecosystems that provide a variety of benefits to humans, including food, recreation, and transportation. The bottom topography of the seas, the coastline, and the beaches are all important factors that influence the distribution of marine life and the availability of resources for humans.&lt;/p&gt;

      </description>
    </item>
    
    <item>
      <title>Genesis of rocks, types of rocks,distribution of rocks in the continents and oceans</title>
      <link>https://anirbanmarine.in/docs/partc/em301/oceanogeo/rocks/</link>
      <pubDate>Mon, 01 Jan 0001 00:00:00 +0000</pubDate>
      
      <guid>https://anirbanmarine.in/docs/partc/em301/oceanogeo/rocks/</guid>
      <description>
        
        
        &lt;h2&gt;Discuss Genesis of Rocks&lt;span class=&#34;absolute -mt-20&#34; id=&#34;discuss-genesis-of-rocks&#34;&gt;&lt;/span&gt;
    &lt;a href=&#34;#discuss-genesis-of-rocks&#34; class=&#34;subheading-anchor&#34; aria-label=&#34;Permalink for this section&#34;&gt;&lt;/a&gt;&lt;/h2&gt;&lt;p&gt;Rocks are formed through a variety of geological processes, which can be broadly classified into three main types:&lt;/p&gt;
&lt;ol&gt;
&lt;li&gt;
&lt;p&gt;Igneous rocks are formed from the cooling and solidification of molten magma or lava. Magma is generated within the Earth&amp;rsquo;s mantle, and can rise to the surface and erupt as lava, or cool and solidify underground. Igneous rocks are typically classified based on their composition and texture. Some common examples of igneous rocks include granite, basalt, and obsidian.&lt;/p&gt;
&lt;/li&gt;
&lt;li&gt;
&lt;p&gt;Sedimentary rocks are formed from the accumulation and compaction of sediments. Sediments can be derived from the weathering and erosion of existing rocks, or from the precipitation of minerals from solution. Sedimentary rocks are typically classified based on their composition and texture. Some common examples of sedimentary rocks include sandstone, limestone, and shale.&lt;/p&gt;
&lt;/li&gt;
&lt;li&gt;
&lt;p&gt;Metamorphic rocks are formed when existing rocks are subjected to high temperatures and pressures. This can happen during mountain building events, or when rocks are buried deeply within the Earth&amp;rsquo;s crust. Metamorphic rocks are typically classified based on their composition and texture. Some common examples of metamorphic rocks include marble, gneiss, and quartzite.&lt;/p&gt;
&lt;/li&gt;
&lt;/ol&gt;
&lt;h2&gt;Types of rocks&lt;span class=&#34;absolute -mt-20&#34; id=&#34;types-of-rocks&#34;&gt;&lt;/span&gt;
    &lt;a href=&#34;#types-of-rocks&#34; class=&#34;subheading-anchor&#34; aria-label=&#34;Permalink for this section&#34;&gt;&lt;/a&gt;&lt;/h2&gt;&lt;p&gt;There are many different types of rocks, but they can be broadly classified into the three main types mentioned above: igneous, sedimentary, and metamorphic. Each of these main types can be further subdivided into smaller groups and types based on their composition, texture, and other characteristics.&lt;/p&gt;
&lt;ol&gt;
&lt;li&gt;
&lt;p&gt;Igneous rocks can be divided into two main types: intrusive and extrusive. Intrusive igneous rocks cool and solidify slowly underground, while extrusive igneous rocks cool and solidify quickly at the surface.&lt;/p&gt;
&lt;/li&gt;
&lt;li&gt;
&lt;p&gt;Sedimentary rocks can be divided into three main types: clastic, chemical, and organic. Clastic sedimentary rocks are formed from fragments of other rocks, while chemical sedimentary rocks are formed from the precipitation of minerals from solution. Organic sedimentary rocks are formed from the remains of dead organisms.&lt;/p&gt;
&lt;/li&gt;
&lt;li&gt;
&lt;p&gt;Metamorphic rocks can be divided into two main types: foliated and non-foliated. Foliated metamorphic rocks have a banded appearance, while non-foliated metamorphic rocks do not.&lt;/p&gt;
&lt;/li&gt;
&lt;/ol&gt;
&lt;h2&gt;Distribution of rocks in the continents and oceans&lt;span class=&#34;absolute -mt-20&#34; id=&#34;distribution-of-rocks-in-the-continents-and-oceans&#34;&gt;&lt;/span&gt;
    &lt;a href=&#34;#distribution-of-rocks-in-the-continents-and-oceans&#34; class=&#34;subheading-anchor&#34; aria-label=&#34;Permalink for this section&#34;&gt;&lt;/a&gt;&lt;/h2&gt;&lt;p&gt;The distribution of rocks on the Earth&amp;rsquo;s surface is not uniform. Igneous rocks are typically found in areas of recent volcanic activity, such as the mid-ocean ridges and the Pacific Ring of Fire. Sedimentary rocks are typically found in sedimentary basins, which are areas where sediments have accumulated over time. Metamorphic rocks are typically found in mountain ranges, where they have been subjected to high temperatures and pressures.&lt;/p&gt;
&lt;p&gt;In general, the continents are dominated by igneous and metamorphic rocks, while the oceans are dominated by sedimentary rocks. This is because the continents have been subjected to more geological activity over time than the oceans.&lt;/p&gt;
&lt;p&gt;Here are some specific examples of the distribution of rocks in the continents and oceans:&lt;/p&gt;
&lt;ul&gt;
&lt;li&gt;
&lt;p&gt;North America: The Rocky Mountains are composed of a variety of metamorphic rocks, while the Great Plains are covered in sedimentary rocks. The Appalachian Mountains are composed of a variety of igneous and metamorphic rocks.&lt;/p&gt;
&lt;/li&gt;
&lt;li&gt;
&lt;p&gt;South America: The Andes Mountains are composed of a variety of igneous and metamorphic rocks, while the Amazon rainforest is covered in sedimentary rocks.&lt;/p&gt;
&lt;/li&gt;
&lt;li&gt;
&lt;p&gt;Europe: The Alps are composed of a variety of metamorphic rocks, while the North European Plain is covered in sedimentary rocks.&lt;/p&gt;
&lt;/li&gt;
&lt;li&gt;
&lt;p&gt;Asia: The Himalayas are composed of a variety of igneous and metamorphic rocks, while the Gobi Desert is covered in sedimentary rocks.&lt;/p&gt;
&lt;/li&gt;
&lt;li&gt;
&lt;p&gt;Africa: The Great Rift Valley is composed of a variety of igneous rocks, while the Sahara Desert is covered in sedimentary rocks.&lt;/p&gt;
&lt;/li&gt;
&lt;li&gt;
&lt;p&gt;Australia: The Great Dividing Range is composed of a variety of igneous and metamorphic rocks, while the Outback is covered in sedimentary rocks.&lt;/p&gt;
&lt;/li&gt;
&lt;li&gt;
&lt;p&gt;Oceans: The ocean floors are covered in a variety of sedimentary rocks, with some areas also containing igneous rocks.&lt;/p&gt;
&lt;/li&gt;
&lt;/ul&gt;
&lt;p&gt;It is important to note that the distribution of rocks on the Earth&amp;rsquo;s surface is constantly changing due to geological processes such as erosion, weathering, and plate tectonics.&lt;/p&gt;

      </description>
    </item>
    
    <item>
      <title>Heat Budget of the Oceans</title>
      <link>https://anirbanmarine.in/docs/partc/em301/oceanogeo/heatbudget/</link>
      <pubDate>Mon, 01 Jan 0001 00:00:00 +0000</pubDate>
      
      <guid>https://anirbanmarine.in/docs/partc/em301/oceanogeo/heatbudget/</guid>
      <description>
        
        
        &lt;h2&gt;What is the heat budget of the oceans?&lt;span class=&#34;absolute -mt-20&#34; id=&#34;what-is-the-heat-budget-of-the-oceans&#34;&gt;&lt;/span&gt;
    &lt;a href=&#34;#what-is-the-heat-budget-of-the-oceans&#34; class=&#34;subheading-anchor&#34; aria-label=&#34;Permalink for this section&#34;&gt;&lt;/a&gt;&lt;/h2&gt;&lt;p&gt;The heat budget of the oceans is a measure of the heat that the oceans absorb and release. It is an important part of the global climate system, as the oceans play a major role in regulating the Earth&amp;rsquo;s temperature.&lt;/p&gt;
&lt;p&gt;##The main components of the ocean heat budget are:&lt;/p&gt;
&lt;h3&gt;Shortwave radiation:&lt;span class=&#34;absolute -mt-20&#34; id=&#34;shortwave-radiation&#34;&gt;&lt;/span&gt;
    &lt;a href=&#34;#shortwave-radiation&#34; class=&#34;subheading-anchor&#34; aria-label=&#34;Permalink for this section&#34;&gt;&lt;/a&gt;&lt;/h3&gt;&lt;p&gt;This is the energy from the sun that reaches the ocean surface. Some of this energy is reflected back into the atmosphere, and the rest is absorbed by the water.&lt;/p&gt;
&lt;h3&gt;Longwave radiation:&lt;span class=&#34;absolute -mt-20&#34; id=&#34;longwave-radiation&#34;&gt;&lt;/span&gt;
    &lt;a href=&#34;#longwave-radiation&#34; class=&#34;subheading-anchor&#34; aria-label=&#34;Permalink for this section&#34;&gt;&lt;/a&gt;&lt;/h3&gt;&lt;p&gt;This is the energy that is emitted by the ocean surface. It is made up of both infrared radiation from the water itself and reflected shortwave radiation from the atmosphere.&lt;/p&gt;
&lt;h3&gt;Latent heat flux:&lt;span class=&#34;absolute -mt-20&#34; id=&#34;latent-heat-flux&#34;&gt;&lt;/span&gt;
    &lt;a href=&#34;#latent-heat-flux&#34; class=&#34;subheading-anchor&#34; aria-label=&#34;Permalink for this section&#34;&gt;&lt;/a&gt;&lt;/h3&gt;&lt;p&gt;This is the heat that is transferred between the ocean and the atmosphere when water evaporates and condenses. Evaporation removes heat from the ocean, and condensation releases heat into the atmosphere.&lt;/p&gt;
&lt;h3&gt;Sensible heat flux:&lt;span class=&#34;absolute -mt-20&#34; id=&#34;sensible-heat-flux&#34;&gt;&lt;/span&gt;
    &lt;a href=&#34;#sensible-heat-flux&#34; class=&#34;subheading-anchor&#34; aria-label=&#34;Permalink for this section&#34;&gt;&lt;/a&gt;&lt;/h3&gt;&lt;p&gt;This is the heat that is transferred between the ocean and the atmosphere by conduction and convection.&lt;/p&gt;
&lt;h3&gt;Ocean currents:&lt;span class=&#34;absolute -mt-20&#34; id=&#34;ocean-currents&#34;&gt;&lt;/span&gt;
    &lt;a href=&#34;#ocean-currents&#34; class=&#34;subheading-anchor&#34; aria-label=&#34;Permalink for this section&#34;&gt;&lt;/a&gt;&lt;/h3&gt;&lt;p&gt;Ocean currents transport heat from one region to another. Warm currents transport heat from the tropics to the poles, and cold currents transport heat from the poles to the tropics.&lt;/p&gt;
&lt;h2&gt;Status of Ocean Heat Budget.&lt;span class=&#34;absolute -mt-20&#34; id=&#34;status-of-ocean-heat-budget&#34;&gt;&lt;/span&gt;
    &lt;a href=&#34;#status-of-ocean-heat-budget&#34; class=&#34;subheading-anchor&#34; aria-label=&#34;Permalink for this section&#34;&gt;&lt;/a&gt;&lt;/h2&gt;&lt;p&gt;The ocean heat budget is in balance over the long term, meaning that the total amount of heat that the oceans absorb is equal to the total amount of heat that they release. However, the heat budget can vary from year to year and from region to region.&lt;/p&gt;
&lt;p&gt;The oceans are currently absorbing more heat than they are releasing. This is due to human-caused climate change, which is increasing the amount of greenhouse gases in the atmosphere. Greenhouse gases trap heat in the atmosphere, which causes the Earth&amp;rsquo;s temperature to rise.&lt;/p&gt;
&lt;p&gt;The extra heat that is being absorbed by the oceans is causing them to warm. This warming is having a number of impacts on the marine environment, including sea level rise, ocean acidification, and changes in marine ecosystems.&lt;/p&gt;
&lt;p&gt;The ocean heat budget is an important concept in climate science. By understanding how the ocean heat budget is changing, scientists can better understand how human-caused climate change is impacting the Earth&amp;rsquo;s climate system.&lt;/p&gt;

      </description>
    </item>
    
    <item>
      <title>Ice</title>
      <link>https://anirbanmarine.in/docs/partc/em301/oceanogeo/ice/</link>
      <pubDate>Mon, 01 Jan 0001 00:00:00 +0000</pubDate>
      
      <guid>https://anirbanmarine.in/docs/partc/em301/oceanogeo/ice/</guid>
      <description>
        
        
        &lt;h2&gt;Ice formation:&lt;span class=&#34;absolute -mt-20&#34; id=&#34;ice-formation&#34;&gt;&lt;/span&gt;
    &lt;a href=&#34;#ice-formation&#34; class=&#34;subheading-anchor&#34; aria-label=&#34;Permalink for this section&#34;&gt;&lt;/a&gt;&lt;/h2&gt;&lt;p&gt;Ice forms when water cools below its freezing point (0 degrees Celsius or 32 degrees Fahrenheit). However, water can remain liquid below its freezing point if it is pure and undisturbed. This is because water molecules are constantly moving and colliding with each other. When a water molecule collides with another water molecule, it can transfer some of its energy to the other molecule. This energy transfer can prevent the water molecules from slowing down enough to form ice crystals.&lt;/p&gt;
&lt;p&gt;However, if there is a small impurity in the water, such as a dust particle or a snowflake, it can provide a surface for the water molecules to cling to. This can help to initiate the formation of ice crystals. Once ice crystals begin to form, they can grow rapidly by attracting more water molecules.&lt;/p&gt;
&lt;h2&gt;Ice decay:&lt;span class=&#34;absolute -mt-20&#34; id=&#34;ice-decay&#34;&gt;&lt;/span&gt;
    &lt;a href=&#34;#ice-decay&#34; class=&#34;subheading-anchor&#34; aria-label=&#34;Permalink for this section&#34;&gt;&lt;/a&gt;&lt;/h2&gt;&lt;p&gt;Ice decays when it melts or sublimates. Melting occurs when the ice warms up above its freezing point. Sublimation occurs when the ice directly transitions from a solid to a gas without going through a liquid phase. Sublimation can occur even at temperatures below freezing, but it is more likely to occur at higher temperatures and lower pressures.&lt;/p&gt;
&lt;p&gt;The rate of ice decay is influenced by a number of factors, including temperature, pressure, wind speed, and solar radiation. Ice will decay more quickly at higher temperatures and lower pressures. Wind speed can also increase the rate of ice decay by blowing away warm air and bringing in cold air. Solar radiation can also cause ice to decay by melting the surface of the ice.&lt;/p&gt;
&lt;h2&gt;Distribution and movement of ice:&lt;span class=&#34;absolute -mt-20&#34; id=&#34;distribution-and-movement-of-ice&#34;&gt;&lt;/span&gt;
    &lt;a href=&#34;#distribution-and-movement-of-ice&#34; class=&#34;subheading-anchor&#34; aria-label=&#34;Permalink for this section&#34;&gt;&lt;/a&gt;&lt;/h2&gt;&lt;p&gt;Ice is distributed throughout the world, but it is most concentrated in the polar regions and at high altitudes. Ice can also be found in lakes, rivers, and oceans.&lt;/p&gt;
&lt;h2&gt;Ice can move in a number of ways, including:&lt;span class=&#34;absolute -mt-20&#34; id=&#34;ice-can-move-in-a-number-of-ways-including&#34;&gt;&lt;/span&gt;
    &lt;a href=&#34;#ice-can-move-in-a-number-of-ways-including&#34; class=&#34;subheading-anchor&#34; aria-label=&#34;Permalink for this section&#34;&gt;&lt;/a&gt;&lt;/h2&gt;&lt;h3&gt;Wind:&lt;span class=&#34;absolute -mt-20&#34; id=&#34;wind&#34;&gt;&lt;/span&gt;
    &lt;a href=&#34;#wind&#34; class=&#34;subheading-anchor&#34; aria-label=&#34;Permalink for this section&#34;&gt;&lt;/a&gt;&lt;/h3&gt;&lt;p&gt;Wind can blow ice around, especially when the ice is in small pieces, such as frazil ice.&lt;/p&gt;
&lt;h3&gt;Ocean currents:&lt;span class=&#34;absolute -mt-20&#34; id=&#34;ocean-currents&#34;&gt;&lt;/span&gt;
    &lt;a href=&#34;#ocean-currents&#34; class=&#34;subheading-anchor&#34; aria-label=&#34;Permalink for this section&#34;&gt;&lt;/a&gt;&lt;/h3&gt;&lt;p&gt;Ocean currents can transport ice from one region to another. For example, the East Greenland Current transports ice from the Arctic Ocean to the Atlantic Ocean.&lt;/p&gt;
&lt;h3&gt;Glacier flow:&lt;span class=&#34;absolute -mt-20&#34; id=&#34;glacier-flow&#34;&gt;&lt;/span&gt;
    &lt;a href=&#34;#glacier-flow&#34; class=&#34;subheading-anchor&#34; aria-label=&#34;Permalink for this section&#34;&gt;&lt;/a&gt;&lt;/h3&gt;&lt;p&gt;Glaciers are large bodies of ice that flow slowly under their own weight. Glaciers can move ice from high altitudes to lower altitudes.&lt;/p&gt;
&lt;p&gt;Ice plays an important role in the global climate system. Ice reflects sunlight back into space, which helps to keep the Earth cool. Ice also stores a large amount of fresh water. If all of the ice on Earth were to melt, sea level would rise by about 70 meters.&lt;/p&gt;
&lt;h2&gt;Here are some examples of the distribution and movement of ice:&lt;span class=&#34;absolute -mt-20&#34; id=&#34;here-are-some-examples-of-the-distribution-and-movement-of-ice&#34;&gt;&lt;/span&gt;
    &lt;a href=&#34;#here-are-some-examples-of-the-distribution-and-movement-of-ice&#34; class=&#34;subheading-anchor&#34; aria-label=&#34;Permalink for this section&#34;&gt;&lt;/a&gt;&lt;/h2&gt;&lt;h3&gt;Sea ice:&lt;span class=&#34;absolute -mt-20&#34; id=&#34;sea-ice&#34;&gt;&lt;/span&gt;
    &lt;a href=&#34;#sea-ice&#34; class=&#34;subheading-anchor&#34; aria-label=&#34;Permalink for this section&#34;&gt;&lt;/a&gt;&lt;/h3&gt;&lt;p&gt;Sea ice is found in the Arctic and Antarctic Oceans. It is formed when seawater freezes. Sea ice can move in response to winds and ocean currents.&lt;/p&gt;
&lt;h3&gt;Glaciers:&lt;span class=&#34;absolute -mt-20&#34; id=&#34;glaciers&#34;&gt;&lt;/span&gt;
    &lt;a href=&#34;#glaciers&#34; class=&#34;subheading-anchor&#34; aria-label=&#34;Permalink for this section&#34;&gt;&lt;/a&gt;&lt;/h3&gt;&lt;p&gt;Glaciers are found on all continents except Australia. They are formed when snow accumulates over time and compresses into ice. Glaciers flow slowly under their own weight.&lt;/p&gt;
&lt;h3&gt;Icebergs:&lt;span class=&#34;absolute -mt-20&#34; id=&#34;icebergs&#34;&gt;&lt;/span&gt;
    &lt;a href=&#34;#icebergs&#34; class=&#34;subheading-anchor&#34; aria-label=&#34;Permalink for this section&#34;&gt;&lt;/a&gt;&lt;/h3&gt;&lt;p&gt;Icebergs are large pieces of ice that break off from glaciers and ice shelves. Icebergs can float in the ocean for many years and travel long distances.&lt;/p&gt;
&lt;p&gt;Ice is a dynamic and important part of the Earth&amp;rsquo;s climate system. It is important to understand the formation, decay, distribution, and movement of ice in order to predict and mitigate the effects of climate change.&lt;/p&gt;

      </description>
    </item>
    
    <item>
      <title>Mohole Project</title>
      <link>https://anirbanmarine.in/docs/partc/em301/oceanogeo/mohole/</link>
      <pubDate>Mon, 01 Jan 0001 00:00:00 +0000</pubDate>
      
      <guid>https://anirbanmarine.in/docs/partc/em301/oceanogeo/mohole/</guid>
      <description>
        
        
        &lt;h2&gt;What is the Mohole Project?&lt;span class=&#34;absolute -mt-20&#34; id=&#34;what-is-the-mohole-project&#34;&gt;&lt;/span&gt;
    &lt;a href=&#34;#what-is-the-mohole-project&#34; class=&#34;subheading-anchor&#34; aria-label=&#34;Permalink for this section&#34;&gt;&lt;/a&gt;&lt;/h2&gt;&lt;p&gt;The Mohole project was an attempt to drill through the Earth&amp;rsquo;s crust and mantle to the Mohorovičić discontinuity, also known as the Moho. The Moho is a boundary between the crust and mantle, and it is located at a depth of about 6 miles (10 kilometers) beneath the ocean floor.&lt;/p&gt;
&lt;p&gt;The project was conceived in the 1950s by scientists who believed that drilling to the Moho would provide valuable insights into the structure and composition of the Earth&amp;rsquo;s interior. The project was funded by the United States Navy and the National Science Foundation, and it began in 1961.&lt;/p&gt;
&lt;p&gt;The project faced a number of challenges, including the difficulty of drilling through the tough rocks of the ocean floor. In 1966, the project drilled to a depth of 180 meters (590 feet), but it was unable to reach the Moho.&lt;/p&gt;
&lt;p&gt;The project was eventually abandoned in 1967 due to budget cuts and technical difficulties. However, the project was not a complete failure. The data collected by the project provided valuable information about the structure of the ocean floor, and it helped to pave the way for future deep-sea drilling projects.&lt;/p&gt;
&lt;h2&gt;Contributions of the Mohole project&lt;span class=&#34;absolute -mt-20&#34; id=&#34;contributions-of-the-mohole-project&#34;&gt;&lt;/span&gt;
    &lt;a href=&#34;#contributions-of-the-mohole-project&#34; class=&#34;subheading-anchor&#34; aria-label=&#34;Permalink for this section&#34;&gt;&lt;/a&gt;&lt;/h2&gt;&lt;p&gt;The Mohole project made a number of important contributions to our understanding of the Earth&amp;rsquo;s interior, including:&lt;/p&gt;
&lt;ol&gt;
&lt;li&gt;
&lt;p&gt;Confirmation of the Moho: The project confirmed the existence of the Moho, which had previously been inferred from seismic data.&lt;/p&gt;
&lt;/li&gt;
&lt;li&gt;
&lt;p&gt;Improved understanding of the ocean floor: The project provided new data about the structure and composition of the ocean floor.&lt;/p&gt;
&lt;/li&gt;
&lt;li&gt;
&lt;p&gt;Advances in deep-sea drilling technology: The project helped to develop new technologies for deep-sea drilling, which have been used in subsequent projects.&lt;/p&gt;
&lt;/li&gt;
&lt;/ol&gt;
&lt;h2&gt;Future of deep-sea drilling&lt;span class=&#34;absolute -mt-20&#34; id=&#34;future-of-deep-sea-drilling&#34;&gt;&lt;/span&gt;
    &lt;a href=&#34;#future-of-deep-sea-drilling&#34; class=&#34;subheading-anchor&#34; aria-label=&#34;Permalink for this section&#34;&gt;&lt;/a&gt;&lt;/h2&gt;&lt;p&gt;The Mohole project was a pioneering effort to drill through the Earth&amp;rsquo;s crust. Since the project was abandoned, there have been a number of other deep-sea drilling projects, including the Deep Sea Drilling Project (DSDP) and the Ocean Drilling Program (ODP).&lt;/p&gt;
&lt;p&gt;These projects have provided a wealth of data about the Earth&amp;rsquo;s interior, and they have helped to refine our understanding of the Earth&amp;rsquo;s structure and evolution. Future deep-sea drilling projects are likely to continue to provide new insights into the Earth&amp;rsquo;s interior.&lt;/p&gt;

      </description>
    </item>
    
    <item>
      <title>Physical properties of seawater, light penetration and colour of the sea</title>
      <link>https://anirbanmarine.in/docs/partc/em301/oceanogeo/seawater/</link>
      <pubDate>Mon, 01 Jan 0001 00:00:00 +0000</pubDate>
      
      <guid>https://anirbanmarine.in/docs/partc/em301/oceanogeo/seawater/</guid>
      <description>
        
        
        &lt;h2&gt;Composition of seawater&lt;span class=&#34;absolute -mt-20&#34; id=&#34;composition-of-seawater&#34;&gt;&lt;/span&gt;
    &lt;a href=&#34;#composition-of-seawater&#34; class=&#34;subheading-anchor&#34; aria-label=&#34;Permalink for this section&#34;&gt;&lt;/a&gt;&lt;/h2&gt;&lt;p&gt;Seawater is a complex mixture of water, salts, and other dissolved substances. It has a number of unique physical properties, including:&lt;/p&gt;
&lt;h3&gt;Salinity:&lt;span class=&#34;absolute -mt-20&#34; id=&#34;salinity&#34;&gt;&lt;/span&gt;
    &lt;a href=&#34;#salinity&#34; class=&#34;subheading-anchor&#34; aria-label=&#34;Permalink for this section&#34;&gt;&lt;/a&gt;&lt;/h3&gt;&lt;p&gt;Salinity is a measure of the amount of dissolved salts in seawater. It is typically expressed in parts per thousand (ppt). The average salinity of seawater is about 35 ppt, but it can vary depending on location and depth.&lt;/p&gt;
&lt;h3&gt;Density:&lt;span class=&#34;absolute -mt-20&#34; id=&#34;density&#34;&gt;&lt;/span&gt;
    &lt;a href=&#34;#density&#34; class=&#34;subheading-anchor&#34; aria-label=&#34;Permalink for this section&#34;&gt;&lt;/a&gt;&lt;/h3&gt;&lt;p&gt;Density is a measure of how much mass is contained in a given volume. Seawater is denser than fresh water because of the dissolved salts. The density of seawater also increases with depth due to increasing pressure.&lt;/p&gt;
&lt;h3&gt;Temperature:&lt;span class=&#34;absolute -mt-20&#34; id=&#34;temperature&#34;&gt;&lt;/span&gt;
    &lt;a href=&#34;#temperature&#34; class=&#34;subheading-anchor&#34; aria-label=&#34;Permalink for this section&#34;&gt;&lt;/a&gt;&lt;/h3&gt;&lt;p&gt;The temperature of seawater varies depending on location, depth, and time of year. The average temperature of seawater at the surface is about 20°C, but it can range from below freezing to over 30°C.&lt;/p&gt;
&lt;h3&gt;pH:&lt;span class=&#34;absolute -mt-20&#34; id=&#34;ph&#34;&gt;&lt;/span&gt;
    &lt;a href=&#34;#ph&#34; class=&#34;subheading-anchor&#34; aria-label=&#34;Permalink for this section&#34;&gt;&lt;/a&gt;&lt;/h3&gt;&lt;p&gt;pH is a measure of how acidic or alkaline a substance is. Seawater is slightly alkaline, with a pH of about 8.2.
Light penetration and color of the sea&lt;/p&gt;
&lt;h3&gt;Colour of Seawater&lt;span class=&#34;absolute -mt-20&#34; id=&#34;colour-of-seawater&#34;&gt;&lt;/span&gt;
    &lt;a href=&#34;#colour-of-seawater&#34; class=&#34;subheading-anchor&#34; aria-label=&#34;Permalink for this section&#34;&gt;&lt;/a&gt;&lt;/h3&gt;&lt;p&gt;When sunlight hits the ocean surface, some of it is reflected back into the atmosphere and some of it is absorbed by the water. The amount of light that is absorbed depends on the wavelength of the light and the clarity of the water.&lt;/p&gt;
&lt;p&gt;Red, orange, and yellow light have longer wavelengths and are absorbed more quickly by water than blue and green light. This is why the ocean appears blue to the human eye. The clearest ocean waters can absorb up to 99% of the sunlight within the first 100 meters of depth.&lt;/p&gt;
&lt;p&gt;The color of the ocean can also be affected by the presence of suspended particles and dissolved substances. For example, phytoplankton, which are tiny algae that live in the ocean, can absorb blue light, making the water appear more green. And sediment in the water can absorb all wavelengths of light, making the water appear brown or muddy.&lt;/p&gt;
&lt;p&gt;Overall, the physical properties of seawater, light penetration, and the color of the sea are all interrelated. The salinity, density, temperature, and pH of seawater all affect how light interacts with the water. And the presence of suspended particles and dissolved substances can also affect the color of the water.&lt;/p&gt;

      </description>
    </item>
    
    <item>
      <title>Submarine Atlas</title>
      <link>https://anirbanmarine.in/docs/partc/em301/oceanogeo/satlas/</link>
      <pubDate>Mon, 01 Jan 0001 00:00:00 +0000</pubDate>
      
      <guid>https://anirbanmarine.in/docs/partc/em301/oceanogeo/satlas/</guid>
      <description>
        
        
        &lt;h2&gt;What is a Submarine Atlas?&lt;span class=&#34;absolute -mt-20&#34; id=&#34;what-is-a-submarine-atlas&#34;&gt;&lt;/span&gt;
    &lt;a href=&#34;#what-is-a-submarine-atlas&#34; class=&#34;subheading-anchor&#34; aria-label=&#34;Permalink for this section&#34;&gt;&lt;/a&gt;&lt;/h2&gt;&lt;p&gt;A submarine atlas is a collection of maps and charts that show the features of the ocean floor. Submarine atlases are used for a variety of purposes, including navigation, scientific research, and resource management.&lt;/p&gt;
&lt;p&gt;The following are some of the steps involved in preparing a submarine atlas:&lt;/p&gt;
&lt;ol&gt;
&lt;li&gt;
&lt;p&gt;Collect data: The first step is to collect data about the ocean floor. This data can be collected using a variety of methods, including bathymetric surveys, acoustic imaging, and satellite remote sensing.&lt;/p&gt;
&lt;/li&gt;
&lt;li&gt;
&lt;p&gt;Process data: Once the data has been collected, it needs to be processed to create maps and charts of the ocean floor. This processing typically involves using computer software to create a digital model of the ocean floor.&lt;/p&gt;
&lt;/li&gt;
&lt;li&gt;
&lt;p&gt;Produce maps and charts: The next step is to produce maps and charts of the ocean floor. These maps and charts can be used for a variety of purposes, including navigation, scientific research, and resource management.&lt;/p&gt;
&lt;/li&gt;
&lt;li&gt;
&lt;p&gt;Publish the atlas: The final step is to publish the atlas. This can be done in a variety of formats, including print, digital, or online.&lt;/p&gt;
&lt;/li&gt;
&lt;/ol&gt;
&lt;p&gt;###Conclusion&lt;/p&gt;
&lt;p&gt;Submarine atlases are important tools for understanding and managing the ocean floor&lt;/p&gt;
&lt;h2&gt;Definitions of Various Oceanic Features:&lt;span class=&#34;absolute -mt-20&#34; id=&#34;definitions-of-various-oceanic-features&#34;&gt;&lt;/span&gt;
    &lt;a href=&#34;#definitions-of-various-oceanic-features&#34; class=&#34;subheading-anchor&#34; aria-label=&#34;Permalink for this section&#34;&gt;&lt;/a&gt;&lt;/h2&gt;&lt;h3&gt;Shelf&lt;span class=&#34;absolute -mt-20&#34; id=&#34;shelf&#34;&gt;&lt;/span&gt;
    &lt;a href=&#34;#shelf&#34; class=&#34;subheading-anchor&#34; aria-label=&#34;Permalink for this section&#34;&gt;&lt;/a&gt;&lt;/h3&gt;&lt;p&gt;The continental shelf is the submerged extension of a continent&amp;rsquo;s continental margin. It is typically a gently sloping plain that extends from the shoreline to the edge of the continental slope. The continental shelf is typically less than 650 feet (200 meters) deep and is covered in a variety of sediments, including sand, mud, and gravel.&lt;/p&gt;
&lt;h3&gt;Floor&lt;span class=&#34;absolute -mt-20&#34; id=&#34;floor&#34;&gt;&lt;/span&gt;
    &lt;a href=&#34;#floor&#34; class=&#34;subheading-anchor&#34; aria-label=&#34;Permalink for this section&#34;&gt;&lt;/a&gt;&lt;/h3&gt;&lt;p&gt;The ocean floor is the deepest part of the ocean and is located beneath the continental shelf and slope. The ocean floor is divided into three main regions: the abyssal plain, the mid-ocean ridges, and the deep-sea trenches.&lt;/p&gt;
&lt;p&gt;The abyssal plain is the largest region of the ocean floor and is covered in a thick layer of sediment. The mid-ocean ridges are a series of mountain ranges that run through the center of the ocean basins. The deep-sea trenches are the deepest parts of the ocean and are located at the subduction zones where oceanic crust sinks beneath continental crust.&lt;/p&gt;
&lt;h3&gt;Slope&lt;span class=&#34;absolute -mt-20&#34; id=&#34;slope&#34;&gt;&lt;/span&gt;
    &lt;a href=&#34;#slope&#34; class=&#34;subheading-anchor&#34; aria-label=&#34;Permalink for this section&#34;&gt;&lt;/a&gt;&lt;/h3&gt;&lt;p&gt;The continental slope is the steep slope that descends from the continental shelf to the ocean floor. The continental slope is typically less than 12 miles (20 kilometers) wide and has a slope of 4-7 degrees. The continental slope is covered in a variety of sediments, including sand, mud, gravel, and rocks.&lt;/p&gt;
&lt;h3&gt;Ridges&lt;span class=&#34;absolute -mt-20&#34; id=&#34;ridges&#34;&gt;&lt;/span&gt;
    &lt;a href=&#34;#ridges&#34; class=&#34;subheading-anchor&#34; aria-label=&#34;Permalink for this section&#34;&gt;&lt;/a&gt;&lt;/h3&gt;&lt;p&gt;Mid-ocean ridges are a series of mountain ranges that run through the center of the ocean basins. Mid-ocean ridges are formed by seafloor spreading, which is the process by which new oceanic crust is created at the divergent boundaries of tectonic plates.&lt;/p&gt;
&lt;h3&gt;Oceanic Sedimentation&lt;span class=&#34;absolute -mt-20&#34; id=&#34;oceanic-sedimentation&#34;&gt;&lt;/span&gt;
    &lt;a href=&#34;#oceanic-sedimentation&#34; class=&#34;subheading-anchor&#34; aria-label=&#34;Permalink for this section&#34;&gt;&lt;/a&gt;&lt;/h3&gt;&lt;p&gt;Oceanic sedimentation is the process by which sediment is deposited on the ocean floor. Sediment can come from a variety of sources, including rivers, glaciers, and volcanic eruptions. The type and thickness of sediment on the ocean floor can vary depending on the source of the sediment and the depth of the ocean.&lt;/p&gt;
&lt;h2&gt;Modern Terminology&lt;span class=&#34;absolute -mt-20&#34; id=&#34;modern-terminology&#34;&gt;&lt;/span&gt;
    &lt;a href=&#34;#modern-terminology&#34; class=&#34;subheading-anchor&#34; aria-label=&#34;Permalink for this section&#34;&gt;&lt;/a&gt;&lt;/h2&gt;&lt;p&gt;The following is a list of modern terminology related to oceanic features:&lt;/p&gt;
&lt;h3&gt;Abyssal plain: The largest region of the ocean floor, covered in a thick layer of sediment.&lt;span class=&#34;absolute -mt-20&#34; id=&#34;abyssal-plain-the-largest-region-of-the-ocean-floor-covered-in-a-thick-layer-of-sediment&#34;&gt;&lt;/span&gt;
    &lt;a href=&#34;#abyssal-plain-the-largest-region-of-the-ocean-floor-covered-in-a-thick-layer-of-sediment&#34; class=&#34;subheading-anchor&#34; aria-label=&#34;Permalink for this section&#34;&gt;&lt;/a&gt;&lt;/h3&gt;&lt;h3&gt;Active margin: A continental margin where oceanic crust is subducting beneath continental crust.&lt;span class=&#34;absolute -mt-20&#34; id=&#34;active-margin-a-continental-margin-where-oceanic-crust-is-subducting-beneath-continental-crust&#34;&gt;&lt;/span&gt;
    &lt;a href=&#34;#active-margin-a-continental-margin-where-oceanic-crust-is-subducting-beneath-continental-crust&#34; class=&#34;subheading-anchor&#34; aria-label=&#34;Permalink for this section&#34;&gt;&lt;/a&gt;&lt;/h3&gt;&lt;h3&gt;Bathymetry: The study of the depth and shape of the ocean floor.&lt;span class=&#34;absolute -mt-20&#34; id=&#34;bathymetry-the-study-of-the-depth-and-shape-of-the-ocean-floor&#34;&gt;&lt;/span&gt;
    &lt;a href=&#34;#bathymetry-the-study-of-the-depth-and-shape-of-the-ocean-floor&#34; class=&#34;subheading-anchor&#34; aria-label=&#34;Permalink for this section&#34;&gt;&lt;/a&gt;&lt;/h3&gt;&lt;h3&gt;Continental margin: The transition zone between the continent and the ocean.&lt;span class=&#34;absolute -mt-20&#34; id=&#34;continental-margin-the-transition-zone-between-the-continent-and-the-ocean&#34;&gt;&lt;/span&gt;
    &lt;a href=&#34;#continental-margin-the-transition-zone-between-the-continent-and-the-ocean&#34; class=&#34;subheading-anchor&#34; aria-label=&#34;Permalink for this section&#34;&gt;&lt;/a&gt;&lt;/h3&gt;&lt;h3&gt;Continental shelf: The submerged extension of a continent&amp;rsquo;s continental margin.&lt;span class=&#34;absolute -mt-20&#34; id=&#34;continental-shelf-the-submerged-extension-of-a-continents-continental-margin&#34;&gt;&lt;/span&gt;
    &lt;a href=&#34;#continental-shelf-the-submerged-extension-of-a-continents-continental-margin&#34; class=&#34;subheading-anchor&#34; aria-label=&#34;Permalink for this section&#34;&gt;&lt;/a&gt;&lt;/h3&gt;&lt;h3&gt;Continental slope: The steep slope that descends from the continental shelf to the ocean floor.&lt;span class=&#34;absolute -mt-20&#34; id=&#34;continental-slope-the-steep-slope-that-descends-from-the-continental-shelf-to-the-ocean-floor&#34;&gt;&lt;/span&gt;
    &lt;a href=&#34;#continental-slope-the-steep-slope-that-descends-from-the-continental-shelf-to-the-ocean-floor&#34; class=&#34;subheading-anchor&#34; aria-label=&#34;Permalink for this section&#34;&gt;&lt;/a&gt;&lt;/h3&gt;&lt;h3&gt;Deep-sea trench: The deepest part of the ocean, located at the subduction zones where oceanic crust sinks beneath continental crust.&lt;span class=&#34;absolute -mt-20&#34; id=&#34;deep-sea-trench-the-deepest-part-of-the-ocean-located-at-the-subduction-zones-where-oceanic-crust-sinks-beneath-continental-crust&#34;&gt;&lt;/span&gt;
    &lt;a href=&#34;#deep-sea-trench-the-deepest-part-of-the-ocean-located-at-the-subduction-zones-where-oceanic-crust-sinks-beneath-continental-crust&#34; class=&#34;subheading-anchor&#34; aria-label=&#34;Permalink for this section&#34;&gt;&lt;/a&gt;&lt;/h3&gt;&lt;h3&gt;Divergent boundary: A boundary between two tectonic plates that are moving away from each other.&lt;span class=&#34;absolute -mt-20&#34; id=&#34;divergent-boundary-a-boundary-between-two-tectonic-plates-that-are-moving-away-from-each-other&#34;&gt;&lt;/span&gt;
    &lt;a href=&#34;#divergent-boundary-a-boundary-between-two-tectonic-plates-that-are-moving-away-from-each-other&#34; class=&#34;subheading-anchor&#34; aria-label=&#34;Permalink for this section&#34;&gt;&lt;/a&gt;&lt;/h3&gt;&lt;h3&gt;Mid-ocean ridge: A series of mountain ranges that run through the center of the ocean basins.&lt;span class=&#34;absolute -mt-20&#34; id=&#34;mid-ocean-ridge-a-series-of-mountain-ranges-that-run-through-the-center-of-the-ocean-basins&#34;&gt;&lt;/span&gt;
    &lt;a href=&#34;#mid-ocean-ridge-a-series-of-mountain-ranges-that-run-through-the-center-of-the-ocean-basins&#34; class=&#34;subheading-anchor&#34; aria-label=&#34;Permalink for this section&#34;&gt;&lt;/a&gt;&lt;/h3&gt;&lt;h3&gt;Oceanic crust: The thin layer of crust that covers the ocean floor.&lt;span class=&#34;absolute -mt-20&#34; id=&#34;oceanic-crust-the-thin-layer-of-crust-that-covers-the-ocean-floor&#34;&gt;&lt;/span&gt;
    &lt;a href=&#34;#oceanic-crust-the-thin-layer-of-crust-that-covers-the-ocean-floor&#34; class=&#34;subheading-anchor&#34; aria-label=&#34;Permalink for this section&#34;&gt;&lt;/a&gt;&lt;/h3&gt;&lt;h3&gt;Passive margin: A continental margin where there is no active subduction of oceanic crust.&lt;span class=&#34;absolute -mt-20&#34; id=&#34;passive-margin-a-continental-margin-where-there-is-no-active-subduction-of-oceanic-crust&#34;&gt;&lt;/span&gt;
    &lt;a href=&#34;#passive-margin-a-continental-margin-where-there-is-no-active-subduction-of-oceanic-crust&#34; class=&#34;subheading-anchor&#34; aria-label=&#34;Permalink for this section&#34;&gt;&lt;/a&gt;&lt;/h3&gt;&lt;h3&gt;Seafloor spreading: The process by which new oceanic crust is created at the divergent boundaries of tectonic plates.&lt;span class=&#34;absolute -mt-20&#34; id=&#34;seafloor-spreading-the-process-by-which-new-oceanic-crust-is-created-at-the-divergent-boundaries-of-tectonic-plates&#34;&gt;&lt;/span&gt;
    &lt;a href=&#34;#seafloor-spreading-the-process-by-which-new-oceanic-crust-is-created-at-the-divergent-boundaries-of-tectonic-plates&#34; class=&#34;subheading-anchor&#34; aria-label=&#34;Permalink for this section&#34;&gt;&lt;/a&gt;&lt;/h3&gt;&lt;h3&gt;Subduction zone: A region where oceanic crust sinks beneath continental crust.&lt;span class=&#34;absolute -mt-20&#34; id=&#34;subduction-zone-a-region-where-oceanic-crust-sinks-beneath-continental-crust&#34;&gt;&lt;/span&gt;
    &lt;a href=&#34;#subduction-zone-a-region-where-oceanic-crust-sinks-beneath-continental-crust&#34; class=&#34;subheading-anchor&#34; aria-label=&#34;Permalink for this section&#34;&gt;&lt;/a&gt;&lt;/h3&gt;&lt;h3&gt;Tectonic plate: A large, rigid slab of rock that makes up the Earth&amp;rsquo;s lithosphere.&lt;span class=&#34;absolute -mt-20&#34; id=&#34;tectonic-plate-a-large-rigid-slab-of-rock-that-makes-up-the-earths-lithosphere&#34;&gt;&lt;/span&gt;
    &lt;a href=&#34;#tectonic-plate-a-large-rigid-slab-of-rock-that-makes-up-the-earths-lithosphere&#34; class=&#34;subheading-anchor&#34; aria-label=&#34;Permalink for this section&#34;&gt;&lt;/a&gt;&lt;/h3&gt;
      </description>
    </item>
    
    <item>
      <title>Surface Ocean Currents</title>
      <link>https://anirbanmarine.in/docs/partc/em301/oceanogeo/oceancurr/</link>
      <pubDate>Mon, 01 Jan 0001 00:00:00 +0000</pubDate>
      
      <guid>https://anirbanmarine.in/docs/partc/em301/oceanogeo/oceancurr/</guid>
      <description>
        
        
        &lt;h2&gt;Surface ocean currents are driven by a combination of factors, including:&lt;span class=&#34;absolute -mt-20&#34; id=&#34;surface-ocean-currents-are-driven-by-a-combination-of-factors-including&#34;&gt;&lt;/span&gt;
    &lt;a href=&#34;#surface-ocean-currents-are-driven-by-a-combination-of-factors-including&#34; class=&#34;subheading-anchor&#34; aria-label=&#34;Permalink for this section&#34;&gt;&lt;/a&gt;&lt;/h2&gt;&lt;h3&gt;Wind:&lt;span class=&#34;absolute -mt-20&#34; id=&#34;wind&#34;&gt;&lt;/span&gt;
    &lt;a href=&#34;#wind&#34; class=&#34;subheading-anchor&#34; aria-label=&#34;Permalink for this section&#34;&gt;&lt;/a&gt;&lt;/h3&gt;&lt;p&gt;Wind is the primary driving force of surface ocean currents. As wind blows across the ocean, it drags the surface water along with it. The direction of a surface current is generally determined by the direction of the prevailing wind.&lt;/p&gt;
&lt;h3&gt;Coriolis effect:&lt;span class=&#34;absolute -mt-20&#34; id=&#34;coriolis-effect&#34;&gt;&lt;/span&gt;
    &lt;a href=&#34;#coriolis-effect&#34; class=&#34;subheading-anchor&#34; aria-label=&#34;Permalink for this section&#34;&gt;&lt;/a&gt;&lt;/h3&gt;&lt;p&gt;The Coriolis effect is a deflection of moving objects caused by the Earth&amp;rsquo;s rotation. In the Northern Hemisphere, the Coriolis effect deflects moving objects to the right, and in the Southern Hemisphere, it deflects them to the left. This deflection has a significant impact on the direction of surface ocean currents.&lt;/p&gt;
&lt;h3&gt;Landmasses:&lt;span class=&#34;absolute -mt-20&#34; id=&#34;landmasses&#34;&gt;&lt;/span&gt;
    &lt;a href=&#34;#landmasses&#34; class=&#34;subheading-anchor&#34; aria-label=&#34;Permalink for this section&#34;&gt;&lt;/a&gt;&lt;/h3&gt;&lt;p&gt;Landmasses can also influence the direction of surface ocean currents. For example, the Gulf Stream is deflected northward by the eastern coast of North America.&lt;/p&gt;
&lt;h2&gt;Subsurface ocean currents are driven by a combination of factors, including:&lt;span class=&#34;absolute -mt-20&#34; id=&#34;subsurface-ocean-currents-are-driven-by-a-combination-of-factors-including&#34;&gt;&lt;/span&gt;
    &lt;a href=&#34;#subsurface-ocean-currents-are-driven-by-a-combination-of-factors-including&#34; class=&#34;subheading-anchor&#34; aria-label=&#34;Permalink for this section&#34;&gt;&lt;/a&gt;&lt;/h2&gt;&lt;h3&gt;Density differences:&lt;span class=&#34;absolute -mt-20&#34; id=&#34;density-differences&#34;&gt;&lt;/span&gt;
    &lt;a href=&#34;#density-differences&#34; class=&#34;subheading-anchor&#34; aria-label=&#34;Permalink for this section&#34;&gt;&lt;/a&gt;&lt;/h3&gt;&lt;p&gt;Density differences in water masses caused by temperature and salinity variations can drive subsurface ocean currents. Warmer and saltier water is denser than colder and fresher water. Therefore, warmer and saltier water masses tend to sink below colder and fresher water masses. This sinking creates a pressure gradient that drives the movement of subsurface ocean currents.&lt;/p&gt;
&lt;h3&gt;Wind:&lt;span class=&#34;absolute -mt-20&#34; id=&#34;wind-1&#34;&gt;&lt;/span&gt;
    &lt;a href=&#34;#wind-1&#34; class=&#34;subheading-anchor&#34; aria-label=&#34;Permalink for this section&#34;&gt;&lt;/a&gt;&lt;/h3&gt;&lt;p&gt;Wind can also influence subsurface ocean currents. For example, the Southern Ocean Circumpolar Current is driven by the strong westerly winds that blow around Antarctica.&lt;/p&gt;
&lt;h3&gt;Landmasses:&lt;span class=&#34;absolute -mt-20&#34; id=&#34;landmasses-1&#34;&gt;&lt;/span&gt;
    &lt;a href=&#34;#landmasses-1&#34; class=&#34;subheading-anchor&#34; aria-label=&#34;Permalink for this section&#34;&gt;&lt;/a&gt;&lt;/h3&gt;&lt;p&gt;Landmasses can also influence the direction of subsurface ocean currents. For example, the North Atlantic Deep Water is deflected westward by the Mid-Atlantic Ridge.&lt;/p&gt;
&lt;p&gt;The circulation of ocean currents is a complex process that is influenced by a variety of factors. However, the main driving forces of ocean circulation are wind, density differences, and the Coriolis effect.&lt;/p&gt;
&lt;p&gt;Surface and subsurface ocean currents play an important role in global climate and ocean circulation. They transport heat and nutrients around the globe, and they can influence the formation of storms and other weather patterns.&lt;/p&gt;
&lt;h3&gt;Thermohaline current&lt;span class=&#34;absolute -mt-20&#34; id=&#34;thermohaline-current&#34;&gt;&lt;/span&gt;
    &lt;a href=&#34;#thermohaline-current&#34; class=&#34;subheading-anchor&#34; aria-label=&#34;Permalink for this section&#34;&gt;&lt;/a&gt;&lt;/h3&gt;&lt;p&gt;The thermohaline current, also known as the global ocean conveyor belt, is a system of deep ocean currents that is driven by differences in temperature (thermo) and salinity (haline). It is the largest circulatory system on Earth, and it plays an important role in regulating global climate.&lt;/p&gt;
&lt;p&gt;The thermohaline current begins in the North Atlantic Ocean, where cold, salty water sinks to the bottom of the ocean. This dense water then flows southward, eventually spreading out into all of the world&amp;rsquo;s oceans. As the water flows, it gradually warms up and becomes less saline. Eventually, the water rises to the surface and flows back to the North Atlantic Ocean, where the cycle begins again.&lt;/p&gt;
&lt;p&gt;The thermohaline current is important because it helps to transport heat from the equator to the poles. This heat helps to keep the poles from becoming too cold, and it also helps to influence the formation of weather patterns.&lt;/p&gt;
&lt;p&gt;There is some concern that climate change could disrupt the thermohaline current. As the Earth warms, the Greenland ice sheet is melting, and this freshwater is diluting the salinity of the North Atlantic Ocean. This could make it more difficult for cold, salty water to sink to the bottom of the ocean, which could weaken the thermohaline current.&lt;/p&gt;
&lt;p&gt;If the thermohaline current were to weaken, it could have a significant impact on global climate. The poles could become colder, and weather patterns could change. This could lead to more extreme weather events, such as droughts and floods.&lt;/p&gt;
&lt;p&gt;Scientists are still studying the potential impacts of climate change on the thermohaline current. However, it is clear that this important system is vulnerable to change.&lt;/p&gt;

      </description>
    </item>
    
    <item>
      <title>The plate tectonic model</title>
      <link>https://anirbanmarine.in/docs/partc/em301/oceanogeo/tectonics/</link>
      <pubDate>Mon, 01 Jan 0001 00:00:00 +0000</pubDate>
      
      <guid>https://anirbanmarine.in/docs/partc/em301/oceanogeo/tectonics/</guid>
      <description>
        
        
        &lt;h2&gt;What is Plate Tectonic model&lt;span class=&#34;absolute -mt-20&#34; id=&#34;what-is-plate-tectonic-model&#34;&gt;&lt;/span&gt;
    &lt;a href=&#34;#what-is-plate-tectonic-model&#34; class=&#34;subheading-anchor&#34; aria-label=&#34;Permalink for this section&#34;&gt;&lt;/a&gt;&lt;/h2&gt;&lt;p&gt;The plate tectonic model is the unifying theory of Earth science, explaining the global distribution of earthquakes, volcanoes, mountains, and other geological features. It is based on the idea that the Earth&amp;rsquo;s lithosphere (outermost solid layer) is divided into a number of plates that move relative to each other. The plates interact at three types of boundaries: divergent, convergent, and transform.&lt;/p&gt;
&lt;p&gt;The plate tectonic model has been widely accepted by the scientific community since the 1960s, but there are still some areas where there is debate or disagreement. One of the most controversial aspects of plate tectonics is the driving force behind plate motion. There are a number of competing hypotheses, but none of them have been universally accepted.&lt;/p&gt;
&lt;p&gt;Another area of debate is the role of plate tectonics in the early history of the Earth. Some scientists believe that plate tectonics began shortly after the Earth formed, while others believe that it did not begin until much later.&lt;/p&gt;
&lt;p&gt;Overall, the plate tectonic model is a very successful theory that has revolutionized our understanding of the Earth. However, there are still some unanswered questions, and the model continues to be refined and improved by scientists.&lt;/p&gt;
&lt;h2&gt;Here is a critical assessment of various views on the plate tectonic model:&lt;span class=&#34;absolute -mt-20&#34; id=&#34;here-is-a-critical-assessment-of-various-views-on-the-plate-tectonic-model&#34;&gt;&lt;/span&gt;
    &lt;a href=&#34;#here-is-a-critical-assessment-of-various-views-on-the-plate-tectonic-model&#34; class=&#34;subheading-anchor&#34; aria-label=&#34;Permalink for this section&#34;&gt;&lt;/a&gt;&lt;/h2&gt;&lt;h3&gt;Driving force behind plate motion&lt;span class=&#34;absolute -mt-20&#34; id=&#34;driving-force-behind-plate-motion&#34;&gt;&lt;/span&gt;
    &lt;a href=&#34;#driving-force-behind-plate-motion&#34; class=&#34;subheading-anchor&#34; aria-label=&#34;Permalink for this section&#34;&gt;&lt;/a&gt;&lt;/h3&gt;&lt;p&gt;The driving force behind plate motion is one of the most controversial aspects of plate tectonics. There are a number of competing hypotheses, but none of them have been universally accepted.&lt;/p&gt;
&lt;p&gt;Some of the most common hypotheses include:&lt;/p&gt;
&lt;ol&gt;
&lt;li&gt;
&lt;p&gt;Convection currents in the mantle: This is the most widely accepted hypothesis, and it proposes that hot magma rises from the core of the Earth to the mantle, where it cools and sinks back down. The movement of the magma creates convection currents, which drag the plates along with them.&lt;/p&gt;
&lt;/li&gt;
&lt;li&gt;
&lt;p&gt;Slab pull: This hypothesis proposes that the cool, dense oceanic crust sinks beneath the continents at convergent boundaries. This sinking creates a pull on the rest of the plate, which drives plate motion.&lt;/p&gt;
&lt;/li&gt;
&lt;li&gt;
&lt;p&gt;Ridge push: This hypothesis proposes that the hot, buoyant magma at divergent boundaries pushes the plates apart.
Role of plate tectonics in the early history of the Earth&lt;/p&gt;
&lt;/li&gt;
&lt;/ol&gt;
&lt;h2&gt;Counter Arguments&lt;span class=&#34;absolute -mt-20&#34; id=&#34;counter-arguments&#34;&gt;&lt;/span&gt;
    &lt;a href=&#34;#counter-arguments&#34; class=&#34;subheading-anchor&#34; aria-label=&#34;Permalink for this section&#34;&gt;&lt;/a&gt;&lt;/h2&gt;&lt;p&gt;Another area of debate is the role of plate tectonics in the early history of the Earth. Some scientists believe that plate tectonics began shortly after the Earth formed, while others believe that it did not begin until much later.&lt;/p&gt;
&lt;p&gt;One of the main arguments against an early start for plate tectonics is that the Earth&amp;rsquo;s crust was much hotter in the early days. This would have made it more difficult for the crust to break into plates.&lt;/p&gt;
&lt;p&gt;However, there is also evidence to suggest that plate tectonics may have begun early. For example, some scientists have found evidence of plate tectonics in rocks that are over 3 billion years old.&lt;/p&gt;
&lt;p&gt;Other areas of debate&lt;/p&gt;
&lt;p&gt;There are a number of other areas of debate related to the plate tectonic model, such as the nature of the asthenosphere (the layer of the mantle below the lithosphere), the role of mantle plumes, and the evolution of plate boundaries over time.&lt;/p&gt;
&lt;p&gt;Conclusion&lt;/p&gt;
&lt;p&gt;The plate tectonic model is a very successful theory that has revolutionized our understanding of the Earth. However, there are still some unanswered questions, and the model continues to be refined and improved by scientists&lt;/p&gt;

      </description>
    </item>
    
  </channel>
</rss>
