<rss version="2.0" xmlns:atom="http://www.w3.org/2005/Atom">
  <channel>
    <title>Study Extra Master – Meteorology</title>
    <link>https://anirbanmarine.in/docs/partc/em301/meteorology/</link>
    <description>Recent content in Meteorology on Study Extra Master</description>
    <generator>Hugo -- gohugo.io</generator>
    <language>en-us</language>
    
	  <atom:link href="https://anirbanmarine.in/docs/partc/em301/meteorology/index.xml" rel="self" type="application/rss+xml" />
    
    
      
        
      
    
    
    <item>
      <title>Cyclonic Storms</title>
      <link>https://anirbanmarine.in/docs/partc/em301/meteorology/cyclones/</link>
      <pubDate>Mon, 01 Jan 0001 00:00:00 +0000</pubDate>
      
      <guid>https://anirbanmarine.in/docs/partc/em301/meteorology/cyclones/</guid>
      <description>
        
        
        &lt;p&gt;&lt;strong&gt;What is a Cyclonic storm?&lt;/strong&gt;&lt;/p&gt;
&lt;p&gt;Cyclonic storms, also known as tropical cyclones, hurricanes, and typhoons, are rotating wind systems that form over warm ocean waters. They are characterized by a central region of low atmospheric pressure and strong winds that rotate in a counterclockwise direction in the Northern Hemisphere and clockwise direction in the Southern Hemisphere.&lt;/p&gt;
&lt;p&gt;&lt;strong&gt;How is a cyclonic storm formed?&lt;/strong&gt;&lt;/p&gt;
&lt;p&gt;The formation of cyclonic storms is a complex process that requires a number of factors to come together, including:&lt;/p&gt;
&lt;ul&gt;
&lt;li&gt;Warm ocean waters: Cyclonic storms need warm ocean waters (at least 26°C or 79°F) to form and develop. The warm water provides the energy that drives the storm.&lt;/li&gt;
&lt;li&gt;Low wind shear: Cyclonic storms also need low wind shear, which is the change in wind direction and speed with altitude. High wind shear can disrupt the storm&amp;rsquo;s circulation and prevent it from developing.&lt;/li&gt;
&lt;li&gt;Atmospheric instability: Cyclonic storms also need atmospheric instability, which is a condition in which the atmosphere is prone to rising air. Rising air can cool and condense, forming clouds and rain.&lt;/li&gt;
&lt;/ul&gt;
&lt;p&gt;Once these conditions are met, a cyclonic storm can begin to form. The process typically starts with a small disturbance in the atmosphere, such as a wave on a weather front. As the disturbance grows, it begins to draw in warm, moist air from the surrounding ocean. This air rises and cools, forming clouds and rain. The rising air also releases latent heat, which further energizes the storm.&lt;/p&gt;
&lt;p&gt;As the storm continues to grow, it develops a central region of low atmospheric pressure. This low pressure draws in even more air, which causes the winds to strengthen. The storm also develops a characteristic eye, which is a region of calm, clear air in the center of the storm.&lt;/p&gt;
&lt;p&gt;Cyclonic storms can reach wind speeds of over 250 kilometers per hour (155 miles per hour). They can also produce heavy rains and storm surges that can cause significant damage.&lt;/p&gt;
&lt;h2&gt;Here are the stages of cyclone formation:&lt;span class=&#34;absolute -mt-20&#34; id=&#34;here-are-the-stages-of-cyclone-formation&#34;&gt;&lt;/span&gt;
    &lt;a href=&#34;#here-are-the-stages-of-cyclone-formation&#34; class=&#34;subheading-anchor&#34; aria-label=&#34;Permalink for this section&#34;&gt;&lt;/a&gt;&lt;/h2&gt;&lt;ol&gt;
&lt;li&gt;Incipient disturbance: This is the early stage of development, when a small disturbance in the atmosphere begins to form.&lt;/li&gt;
&lt;li&gt;Tropical depression: The disturbance develops into a tropical depression when the winds reach speeds of at least 35 kilometers per hour (22 miles per hour).&lt;/li&gt;
&lt;li&gt;Tropical storm: The tropical depression becomes a tropical storm when the winds reach speeds of at least 65 kilometers per hour (40 miles per hour).&lt;/li&gt;
&lt;li&gt;Hurricane: The tropical storm becomes a hurricane when the winds reach speeds of at least 119 kilometers per hour (74 miles per hour).&lt;/li&gt;
&lt;/ol&gt;
&lt;p&gt;Cyclonic storms can continue to intensify after they reach hurricane strength. The strongest hurricanes can have wind speeds of over 300 kilometers per hour (186 miles per hour).&lt;/p&gt;
&lt;p&gt;Cyclonic storms are a major natural hazard, and they can cause significant damage to life and property. It is important to be aware of the risks posed by cyclones and to have a plan in place if a cyclone is approaching your area.&lt;/p&gt;
&lt;h2&gt;Rapid intensification of Cyclonic storm&lt;span class=&#34;absolute -mt-20&#34; id=&#34;rapid-intensification-of-cyclonic-storm&#34;&gt;&lt;/span&gt;
    &lt;a href=&#34;#rapid-intensification-of-cyclonic-storm&#34; class=&#34;subheading-anchor&#34; aria-label=&#34;Permalink for this section&#34;&gt;&lt;/a&gt;&lt;/h2&gt;&lt;p&gt;&lt;strong&gt;What is rapid intensification of a cyclonic storm?&lt;/strong&gt;&lt;/p&gt;
&lt;p&gt;Cyclonic storms can intensify rapidly, increasing in wind speed and size in a short period of time. This process is known as rapid intensification. The United States National Hurricane Center defines rapid intensification as an increase in the maximum sustained winds of a tropical cyclone of at least 30 knots (35 mph; 55 km/h) in a 24-hour period.&lt;/p&gt;
&lt;p&gt;There are a number of factors that can contribute to the intensification of a cyclonic storm, including:&lt;/p&gt;
&lt;ol&gt;
&lt;li&gt;Warm ocean waters: Cyclonic storms need warm ocean waters to intensify. The warm water provides the energy that drives the storm.&lt;/li&gt;
&lt;li&gt;Low wind shear: Cyclonic storms also need low wind shear to intensify. High wind shear can disrupt the storm&amp;rsquo;s circulation and prevent it from developing.&lt;/li&gt;
&lt;li&gt;Atmospheric instability: Cyclonic storms also need atmospheric instability to intensify. This is a condition in which the atmosphere is prone to rising air. Rising air can cool and condense, forming clouds and rain.&lt;/li&gt;
&lt;/ol&gt;
&lt;p&gt;Other factors that can contribute to rapid intensification include:&lt;/p&gt;
&lt;ol&gt;
&lt;li&gt;The presence of a mesoscale convective vortex (MCV): An MCV is a small rotating area of thunderstorms within a tropical cyclone. MCVs can help to enhance the cyclone&amp;rsquo;s circulation and lead to rapid intensification.&lt;/li&gt;
&lt;li&gt;The presence of a brown ocean vortex (BOV): A BOV is a swirling mass of warm water that can form beneath a tropical cyclone. BOVs can provide additional energy to the cyclone, helping it to intensify more quickly.
Rapid intensification can be a dangerous process, as it can make it difficult for forecasters to predict the storm&amp;rsquo;s track and intensity. It can also lead to unexpected and severe impacts on coastal communities.&lt;/li&gt;
&lt;/ol&gt;
&lt;p&gt;In recent years, there has been a trend towards more rapid intensification of tropical cyclones. This is thought to be due to a combination of factors, including climate change, which is leading to warmer ocean waters, and natural variability.&lt;/p&gt;
&lt;p&gt;Scientists are working to better understand the factors that contribute to rapid intensification and to develop improved forecasting methods. This will help to reduce the risk of loss of life and property from tropical cyclones.&lt;/p&gt;
&lt;h2&gt;Forecasting of tropical cyclones has improved greatly in recent years.&lt;span class=&#34;absolute -mt-20&#34; id=&#34;forecasting-of-tropical-cyclones-has-improved-greatly-in-recent-years&#34;&gt;&lt;/span&gt;
    &lt;a href=&#34;#forecasting-of-tropical-cyclones-has-improved-greatly-in-recent-years&#34; class=&#34;subheading-anchor&#34; aria-label=&#34;Permalink for this section&#34;&gt;&lt;/a&gt;&lt;/h2&gt;&lt;p&gt;There are certain areas over the oceans that are particularly favourable for tropical cyclone development, but it is usually certain characteristics in a cluster of thunderclouds that leads forecasters to recognise them as tropical depressions. This is done by people at specialist tropical cyclone forecasting centres around the globe such as the National Hurricane Center in Miami, Florida who are constantly studying satellite images, instruments and other weather data to detect and track them through their life-cycle. Once detected, their track is forecast using a combination of numerical forecasting models, synoptic forecasting and statistical methods, which have been developed from the study of the behaviour of past storms.&lt;/p&gt;
&lt;p&gt;Observations from ships at sea are always very useful, although, once the existence of a storm and its forecast track have been broadcast, ships tend to move out of their way! Reinforced aircraft, fitted with instruments, fly through and over tropical cyclones, and weather radar can locate storms within 200 miles of the radar station. In addition, tropical cyclones are tracked by satellites, which provide very useful information both to forecasters and numerical forecast models.&lt;/p&gt;
&lt;p&gt;&amp;ldquo;Official&amp;rdquo; responsibility for forecasting tropical cyclones in the areas affected lies with the regional centres such as the National Hurricane Center in Miami. However, the Met Office does produce tropical cyclone forecasts from its global model, which are disseminated to the regional centres. They then use these forecasts, along with other forms of guidance, to produce their forecasts. Met Office forecasts of tropical cyclones show considerable skill and are among the best models available to agencies such as the National Hurricane Center.&lt;/p&gt;
&lt;h2&gt;Measuring tropical cyclones&lt;span class=&#34;absolute -mt-20&#34; id=&#34;measuring-tropical-cyclones&#34;&gt;&lt;/span&gt;
    &lt;a href=&#34;#measuring-tropical-cyclones&#34; class=&#34;subheading-anchor&#34; aria-label=&#34;Permalink for this section&#34;&gt;&lt;/a&gt;&lt;/h2&gt;&lt;p&gt;In order to categorise tropical cyclones around the world, the Saffir-Simpson Hurricane Wind Scale is used defining events by their wind speed and impacts.&lt;/p&gt;
&lt;p&gt;Although developed in the USA, tropical cyclones around the world are measured by the Saffir-Simpson Hurricane Wind Scale which originated from 1971 with Herbert Saffir, a civil engineer and Bob Simpson of the US National Hurricane Center.&lt;/p&gt;
&lt;p&gt;The Saffir-Simpson Hurricane Wind Scale consists of a five point scale of hurricane intensity and starts at 74 mph. Tropical cyclones with wind speeds up to 38 mph are classified as tropical depressions and those with wind speeds from 39 - 73 mph are classified as tropical storms.&lt;/p&gt;
&lt;p&gt;It is important to note that whilst the Saffir-Simpson Hurricane Wind Scale defines wind strengths and their likely impacts, severe impacts from tropical cyclones can also occur due to storm surge and heavy rain which are not necessarily directly related to the strength of the wind in the tropical cyclone.&lt;/p&gt;
&lt;h3&gt;Saffir-Simpson Hurricane Wind Scale&lt;span class=&#34;absolute -mt-20&#34; id=&#34;saffir-simpson-hurricane-wind-scale&#34;&gt;&lt;/span&gt;
    &lt;a href=&#34;#saffir-simpson-hurricane-wind-scale&#34; class=&#34;subheading-anchor&#34; aria-label=&#34;Permalink for this section&#34;&gt;&lt;/a&gt;&lt;/h3&gt;&lt;h4&gt;Category 1&lt;span class=&#34;absolute -mt-20&#34; id=&#34;category-1&#34;&gt;&lt;/span&gt;
    &lt;a href=&#34;#category-1&#34; class=&#34;subheading-anchor&#34; aria-label=&#34;Permalink for this section&#34;&gt;&lt;/a&gt;&lt;/h4&gt;&lt;p&gt;Wind (mph): 74 - 95&lt;/p&gt;
&lt;p&gt;Damage: Minimal - No significant structural damage, can uproot trees and cause some flooding in coastal areas.&lt;/p&gt;
&lt;h4&gt;Category 2&lt;span class=&#34;absolute -mt-20&#34; id=&#34;category-2&#34;&gt;&lt;/span&gt;
    &lt;a href=&#34;#category-2&#34; class=&#34;subheading-anchor&#34; aria-label=&#34;Permalink for this section&#34;&gt;&lt;/a&gt;&lt;/h4&gt;&lt;p&gt;Wind (mph): 96 - 110&lt;/p&gt;
&lt;p&gt;Moderate - No major destruction to buildings, can uproot trees and signs. Coastal flooding can occur. Secondary effects can include the shortage of water and electricity.&lt;/p&gt;
&lt;h4&gt;Category 3&lt;span class=&#34;absolute -mt-20&#34; id=&#34;category-3&#34;&gt;&lt;/span&gt;
    &lt;a href=&#34;#category-3&#34; class=&#34;subheading-anchor&#34; aria-label=&#34;Permalink for this section&#34;&gt;&lt;/a&gt;&lt;/h4&gt;&lt;p&gt;Wind (mph): 111 - 129&lt;/p&gt;
&lt;p&gt;Extensive - Structural damage to small buildings and serious coastal flooding to those on low lying land. Evacuation may be needed.&lt;/p&gt;
&lt;h4&gt;Category 4&lt;span class=&#34;absolute -mt-20&#34; id=&#34;category-4&#34;&gt;&lt;/span&gt;
    &lt;a href=&#34;#category-4&#34; class=&#34;subheading-anchor&#34; aria-label=&#34;Permalink for this section&#34;&gt;&lt;/a&gt;&lt;/h4&gt;&lt;p&gt;Wind (mph): 130-156&lt;/p&gt;
&lt;p&gt;Extreme - All signs and trees blown down with extensive damage to roofs. Flat land inland may become flooded. Evacuation probable.&lt;/p&gt;
&lt;h4&gt;Category 5&lt;span class=&#34;absolute -mt-20&#34; id=&#34;category-5&#34;&gt;&lt;/span&gt;
    &lt;a href=&#34;#category-5&#34; class=&#34;subheading-anchor&#34; aria-label=&#34;Permalink for this section&#34;&gt;&lt;/a&gt;&lt;/h4&gt;&lt;p&gt;Wind (mph): greater than 156&lt;/p&gt;
&lt;p&gt;Catastrophic - Buildings destroyed with small buildings being overturned. All trees and signs blown down. Evacuation of up to 10 miles inland&lt;/p&gt;

      </description>
    </item>
    
    <item>
      <title>El Nino and La Nina</title>
      <link>https://anirbanmarine.in/docs/partc/em301/meteorology/el-nino/</link>
      <pubDate>Mon, 01 Jan 0001 00:00:00 +0000</pubDate>
      
      <guid>https://anirbanmarine.in/docs/partc/em301/meteorology/el-nino/</guid>
      <description>
        
        
        &lt;p&gt;By influencing global temperatures and precipitation, the El Niño/Southern Oscillation (ENSO) significantly impacts Earth’s ecosystems and human societies. El Niño and La Niña are opposite extremes of the ENSO, which refers to cyclical environmental conditions that occur across the Equatorial Pacific Ocean. These changes are due to natural interactions between the ocean and atmosphere. Sea surface temperature, rainfall, air pressure, atmospheric and ocean circulation all influence each other.
A satellite image of the Earth showing an abnormally warm area near the equator off the West Coast of South America.
Satellite sea surface temperature departure in the Pacific Ocean for the month of October 2015, where darker orange-red colors are above normal temperatures and are indicative of El Niño. (Image credit: NOAA)&lt;/p&gt;
&lt;p&gt;!(PHOTO El Nino.png)&lt;/p&gt;
&lt;h2&gt;What is El Niño? What is La Niña?&lt;span class=&#34;absolute -mt-20&#34; id=&#34;what-is-el-niño-what-is-la-niña&#34;&gt;&lt;/span&gt;
    &lt;a href=&#34;#what-is-el-ni%c3%b1o-what-is-la-ni%c3%b1a&#34; class=&#34;subheading-anchor&#34; aria-label=&#34;Permalink for this section&#34;&gt;&lt;/a&gt;&lt;/h2&gt;&lt;p&gt;An El Niño condition occurs when surface water in the equatorial Pacific becomes warmer than average and east winds blow weaker than normal. The opposite condition is called La Niña. During this phase of ENSO, the water is cooler than normal and the east winds are stronger. El Niños typically occur every 3 to 5 years.&lt;/p&gt;
&lt;p&gt;ENSO-Neutral or average conditions across the tropical Pacific Ocean. Climate.gov schematic by Emily Eng and inspired by NOAA PMEL.
The rise of El Niño and La Niña
How do El Niño and La Niña events form and increase in strength? The key is in the ocean-atmosphere coupling across the tropical Pacific Ocean.&lt;/p&gt;
&lt;h2&gt;How ENSO impacts humans?&lt;span class=&#34;absolute -mt-20&#34; id=&#34;how-enso-impacts-humans&#34;&gt;&lt;/span&gt;
    &lt;a href=&#34;#how-enso-impacts-humans&#34; class=&#34;subheading-anchor&#34; aria-label=&#34;Permalink for this section&#34;&gt;&lt;/a&gt;&lt;/h2&gt;&lt;p&gt;El Niño, La Niña, and the neutral condition all produce important consequences for people and ecosystems across the globe. The interactions between the ocean and atmosphere alters weather around the world and can result in severe storms or mild weather, drought or flooding. Beyond “just” influencing the weather, these changes can produce secondary results that influence food supplies and prices, forest fires, and create additional economic and political consequences. Famines and political strife can result from these environmental conditions.&lt;/p&gt;
&lt;p&gt;(top) The sea surface temperature (shaded contours), 10-meter wind (vectors), and (bottom) rainfall departures from average in June – August during an average Atlantic Niño. The gray dots in the bottom panel indicate that the rainfall departures are statistically significant (5% significance level), indicating a high degree of confidence that the rainfall departures are associated with Atlantic Niño. Climate.gov figure adapted from Vallès‐Casanova et al. (2020).
Do you know that El Niño has a little brother?
His name is Atlantic Niño, and he has an uncanny resemblance to his big brother: Like El Niño, Atlantic Niño is characterized by warmer-than-average sea surface temperatures in the eastern equatorial basin and weaker-than-average trade winds throughout the east-central equatorial Atlantic.
What are some of ENSO&amp;rsquo;s impacts?
Ecosystems and human communities can be positively or negatively affected. For example, in the Southern United States, during the fall through spring, El Niño usually causes increased rainfall and sometimes destructive flooding. La Niña, however, usually causes drier weather in the South, but the Northwest tends to be colder and wetter than average. Even though El Niño occurs in the Pacific Ocean, it often reduces the number of hurricanes that form in the Atlantic Ocean. Conversely, La Niña events tend to be related to an increase in the number of Atlantic hurricanes.&lt;/p&gt;
&lt;p&gt;Food production is impacted by ENSO. Changes in ocean temperatures and currents that happen during El Niño impact marine life. This can impact individuals who make a living fishing and consumers who depend on certain fish for food. Agriculture is of course very dependent on climate and weather, as a result ENSO’s influence on rainfall and temperature have important consequences for food production and availability.&lt;/p&gt;
&lt;p&gt;Redoubt Volcano viewed from the northwest following the April 4, 2009 eruption. Credit: R. G. McGimsey, USGS.&lt;/p&gt;
&lt;h2&gt;Can volcanic eruptions cause El Niño? Maybe, maybe not&lt;span class=&#34;absolute -mt-20&#34; id=&#34;can-volcanic-eruptions-cause-el-niño-maybe-maybe-not&#34;&gt;&lt;/span&gt;
    &lt;a href=&#34;#can-volcanic-eruptions-cause-el-ni%c3%b1o-maybe-maybe-not&#34; class=&#34;subheading-anchor&#34; aria-label=&#34;Permalink for this section&#34;&gt;&lt;/a&gt;&lt;/h2&gt;&lt;p&gt;Volcanic eruptions have had HUGE impacts on the global climate by cooling Earth. It’s only natural to wonder, if the planet is affected by volcanic eruptions, can ENSO be?
The origin of the name
The origin of the name “El Niño” dates to the 1800’s, when fishermen on the Pacific coast of South America would notice that a warm ocean current would appear every few years. Fish catches would drop drastically, negatively affecting the food supply and livelihood of the communities of coastal Peru. This warm water would arrive around Christmastime. Referring to the birth of Christ, they named the warm ocean waters, El Niño, which means “the boy” in Spanish. Fishing in this region is best during La Niña years when cold upwelling ocean water brings rich nutrientsoffsite link from the deep ocean, resulting in an increase in the number of fish caught.&lt;/p&gt;
&lt;p&gt;The Southern Oscillation is a coherent interannual fluctuation of atmospheric pressure over the tropical Indo-Pacific region&lt;/p&gt;
&lt;ol&gt;
&lt;li&gt;It is the atmospheric component of a single large-scale coupled interaction called the El Niño-Southern Oscillation (ENSO)&lt;/li&gt;
&lt;li&gt;The Southern Oscillation describes changes in air pressure patterns in the Southern Pacific Ocean between Tahiti, in the middle of the southern Pacific Ocean, and Darwin, Australia, to the west 2. Normally, lower pressure over Darwin and higher pressure over Tahiti encourages air movement from east to west 2. The Southern Oscillation Index (SOI) tracks the atmospheric part of the ENSO pattern 3.&lt;/li&gt;
&lt;/ol&gt;
&lt;h2&gt;&lt;a href=&#34;https://www.pmel.noaa.gov/elnino/&#34; target=&#34;_blank&#34; rel=&#34;noopener&#34;&gt;Further reading&lt;/a&gt;&lt;span class=&#34;absolute -mt-20&#34; id=&#34;further-readinghttpswwwpmelnoaagovelnino&#34;&gt;&lt;/span&gt;
    &lt;a href=&#34;#further-readinghttpswwwpmelnoaagovelnino&#34; class=&#34;subheading-anchor&#34; aria-label=&#34;Permalink for this section&#34;&gt;&lt;/a&gt;&lt;/h2&gt;
      </description>
    </item>
    
    <item>
      <title>Meteorological Observation Systems</title>
      <link>https://anirbanmarine.in/docs/partc/em301/meteorology/metobs/</link>
      <pubDate>Mon, 01 Jan 0001 00:00:00 +0000</pubDate>
      
      <guid>https://anirbanmarine.in/docs/partc/em301/meteorology/metobs/</guid>
      <description>
        
        
        &lt;h2&gt;Synoptic weather observations&lt;span class=&#34;absolute -mt-20&#34; id=&#34;synoptic-weather-observations&#34;&gt;&lt;/span&gt;
    &lt;a href=&#34;#synoptic-weather-observations&#34; class=&#34;subheading-anchor&#34; aria-label=&#34;Permalink for this section&#34;&gt;&lt;/a&gt;&lt;/h2&gt;&lt;p&gt;Synoptic weather observations are observations of the atmosphere that are made at regular intervals, typically every three or six hours, at a global network of weather stations. These observations are used by meteorologists to create weather maps and forecasts.&lt;/p&gt;
&lt;p&gt;Synoptic weather observations typically include the following elements:&lt;/p&gt;
&lt;ol&gt;
&lt;li&gt;Temperature: The air temperature at the time of the observation.&lt;/li&gt;
&lt;li&gt;Dew point: The temperature at which the air would become saturated with water vapor and condensation would occur.&lt;/li&gt;
&lt;li&gt;Wind speed and direction: The speed and direction of the wind at the time of the observation.&lt;/li&gt;
&lt;li&gt;Atmospheric pressure: The pressure of the atmosphere at the time of the observation.&lt;/li&gt;
&lt;li&gt;Cloud cover: The amount and type of cloud cover present at the time of the observation.&lt;/li&gt;
&lt;li&gt;Visibility: The horizontal distance at which objects can be clearly seen at the time of the observation.&lt;/li&gt;
&lt;li&gt;Precipitation: The type and amount of precipitation that has fallen since the previous observation.&lt;/li&gt;
&lt;/ol&gt;
&lt;p&gt;In addition to these basic elements, synoptic weather observations may also include other information, such as the presence of fog, thunderstorms, or other weather phenomena.&lt;/p&gt;
&lt;p&gt;Importance of Synoptic Weather Observation Systems&lt;/p&gt;
&lt;ul&gt;
&lt;li&gt;
&lt;p&gt;Synoptic weather observations are important for a number of reasons. First, they provide meteorologists with a snapshot of the current state of the atmosphere. This information is used to create weather maps and forecasts, which help people to plan their daily activities and make informed decisions about their safety.&lt;/p&gt;
&lt;/li&gt;
&lt;li&gt;
&lt;p&gt;Second, synoptic weather observations can be used to track the movement of weather systems, such as fronts, cyclones, and anticyclones. This information can be used to predict where and when these weather systems will bring precipitation, thunderstorms, and other hazardous weather conditions.&lt;/p&gt;
&lt;/li&gt;
&lt;li&gt;
&lt;p&gt;Third, synoptic weather observations are used to study the climate. By comparing weather observations from different time periods, scientists can identify trends in temperature, precipitation, and other weather elements. This information can be used to understand how the climate is changing and to predict how it will change in the future.&lt;/p&gt;
&lt;/li&gt;
&lt;/ul&gt;
&lt;p&gt;Synoptic weather observations are collected by a variety of sources, including:&lt;/p&gt;
&lt;ul&gt;
&lt;li&gt;Staffed weather stations: Staffed weather stations are operated by trained meteorologists who make manual observations of the atmosphere.&lt;/li&gt;
&lt;li&gt;Automated weather stations: Automated weather stations use sensors to collect weather data without human intervention.&lt;/li&gt;
&lt;li&gt;Aircraft: Aircraft also collect weather data, which is used to supplement the data collected from surface-based weather stations.&lt;/li&gt;
&lt;li&gt;Ships: Ships also collect weather data, which is used to provide information about the weather over the oceans.&lt;/li&gt;
&lt;/ul&gt;
&lt;p&gt;Synoptic weather observations are transmitted to weather forecasting centers around the world, where they are used to create weather maps and forecasts. These forecasts are then disseminated to the public through a variety of channels, such as television, radio, and the internet.&lt;/p&gt;
&lt;h2&gt;Synoptic representation of pressure field, contour and thickness charts&lt;span class=&#34;absolute -mt-20&#34; id=&#34;synoptic-representation-of-pressure-field-contour-and-thickness-charts&#34;&gt;&lt;/span&gt;
    &lt;a href=&#34;#synoptic-representation-of-pressure-field-contour-and-thickness-charts&#34; class=&#34;subheading-anchor&#34; aria-label=&#34;Permalink for this section&#34;&gt;&lt;/a&gt;&lt;/h2&gt;&lt;p&gt;&lt;strong&gt;What are Synoptic Charts?&lt;/strong&gt;
Synoptic representation of pressure field, contour and thickness charts are a way to represent the current state of the atmosphere on a map.&lt;/p&gt;
&lt;p&gt;




  










&lt;div class=&#34;overflow-x-auto mt-6 flex rounded-lg border py-2 ltr:pr-4 rtl:pl-4 contrast-more:border-current contrast-more:dark:border-current border-blue-200 bg-blue-100 text-blue-900 dark:border-blue-200/30 dark:bg-blue-900/30 dark:text-blue-200&#34;&gt;
  &lt;div class=&#34;select-none text-xl ltr:pl-3 ltr:pr-2 rtl:pr-3 rtl:pl-2&#34; style=&#39;font-family: &#34;Apple Color Emoji&#34;, &#34;Segoe UI Emoji&#34;, &#34;Segoe UI Symbol&#34;;&#39;&gt;ℹ️&lt;/div&gt;
  &lt;div class=&#34;w-full min-w-0 leading-7&#34;&gt;
    &lt;p class=&#34;mt-6 leading-7 first:mt-0&#34;&gt;
      &lt;p&gt;&lt;strong&gt;Pressure field chart:&lt;/strong&gt; A pressure field chart shows the distribution of atmospheric pressure at a given time. Pressure field charts are typically used to identify and track weather systems, such as fronts, cyclones, and anticyclones.&lt;/p&gt;
&lt;p&gt;&lt;strong&gt;Contour chart:&lt;/strong&gt; A contour chart shows the height of a given pressure surface above sea level. Contour charts are typically used to identify and track upper-level weather systems, such as jet streams and troughs.&lt;/p&gt;
&lt;p&gt;&lt;strong&gt;Thickness chart:&lt;/strong&gt; A thickness chart shows the difference in height between two pressure surfaces. Thickness charts are typically used to identify and track areas of warm and cold air, which can lead to precipitation and other weather events.&lt;/p&gt;

    &lt;/p&gt;
  &lt;/div&gt;
&lt;/div&gt;

&lt;strong&gt;What are synoptic charts used for?&lt;/strong&gt;
Synoptic charts are used by meteorologists to create weather forecasts and to study the atmosphere. They are also used by pilots and other aviation professionals to plan flights.&lt;/p&gt;





  










&lt;div class=&#34;overflow-x-auto mt-6 flex rounded-lg border py-2 ltr:pr-4 rtl:pl-4 contrast-more:border-current contrast-more:dark:border-current border-blue-200 bg-blue-100 text-blue-900 dark:border-blue-200/30 dark:bg-blue-900/30 dark:text-blue-200&#34;&gt;
  &lt;div class=&#34;select-none text-xl ltr:pl-3 ltr:pr-2 rtl:pr-3 rtl:pl-2&#34; style=&#39;font-family: &#34;Apple Color Emoji&#34;, &#34;Segoe UI Emoji&#34;, &#34;Segoe UI Symbol&#34;;&#39;&gt;ℹ️&lt;/div&gt;
  &lt;div class=&#34;w-full min-w-0 leading-7&#34;&gt;
    &lt;p class=&#34;mt-6 leading-7 first:mt-0&#34;&gt;
      &lt;p&gt;&lt;strong&gt;How to interpret synoptic charts?&lt;/strong&gt;&lt;/p&gt;
&lt;p&gt;Here is a brief description of how to interpret synoptic charts:&lt;/p&gt;
&lt;p&gt;&lt;strong&gt;Pressure field chart:&lt;/strong&gt; The higher the pressure, the closer the air molecules are together and the heavier the air is. This makes high-pressure areas more stable and less likely to produce precipitation. Low-pressure areas are the opposite, with lower pressure and less stable air. Low-pressure areas are more likely to produce precipitation and other weather events, such as thunderstorms and tornadoes.&lt;/p&gt;
&lt;p&gt;&lt;strong&gt;Contour chart:&lt;/strong&gt; The closer the contour lines are together, the steeper the slope of the pressure surface. This means that the wind will be stronger in areas where the contour lines are closer together.&lt;/p&gt;
&lt;p&gt;&lt;strong&gt;Thickness chart:&lt;/strong&gt; Areas of warm air have a higher thickness than areas of cold air. This is because warm air expands and takes up more space than cold air. Thickness charts can be used to identify areas where there is a strong temperature gradient, which can lead to precipitation and other weather events.&lt;/p&gt;

    &lt;/p&gt;
  &lt;/div&gt;
&lt;/div&gt;

&lt;p&gt;Synoptic charts can be complex and difficult to interpret, but they are a valuable tool for meteorologists and other professionals who need to understand the current state of the atmosphere.&lt;/p&gt;
&lt;h2&gt;Streamline and isotach analysis&lt;span class=&#34;absolute -mt-20&#34; id=&#34;streamline-and-isotach-analysis&#34;&gt;&lt;/span&gt;
    &lt;a href=&#34;#streamline-and-isotach-analysis&#34; class=&#34;subheading-anchor&#34; aria-label=&#34;Permalink for this section&#34;&gt;&lt;/a&gt;&lt;/h2&gt;




  










&lt;div class=&#34;overflow-x-auto mt-6 flex rounded-lg border py-2 ltr:pr-4 rtl:pl-4 contrast-more:border-current contrast-more:dark:border-current border-blue-200 bg-blue-100 text-blue-900 dark:border-blue-200/30 dark:bg-blue-900/30 dark:text-blue-200&#34;&gt;
  &lt;div class=&#34;select-none text-xl ltr:pl-3 ltr:pr-2 rtl:pr-3 rtl:pl-2&#34; style=&#39;font-family: &#34;Apple Color Emoji&#34;, &#34;Segoe UI Emoji&#34;, &#34;Segoe UI Symbol&#34;;&#39;&gt;ℹ️&lt;/div&gt;
  &lt;div class=&#34;w-full min-w-0 leading-7&#34;&gt;
    &lt;p class=&#34;mt-6 leading-7 first:mt-0&#34;&gt;
      &lt;p&gt;&lt;strong&gt;What is Streamline and isotach analysis?&lt;/strong&gt;&lt;/p&gt;
&lt;p&gt;Streamline and isotach analysis is a method of representing the wind field at a given level in the atmosphere. Streamlines are lines that are tangent to the wind at every point. Isotachs are lines of equal wind speed.&lt;/p&gt;
&lt;p&gt;&lt;strong&gt;What is Streamline and isotach analysis used for?&lt;/strong&gt;&lt;/p&gt;
&lt;p&gt;Streamline and isotach analysis is useful for identifying a variety of weather features, including:&lt;/p&gt;
&lt;ol&gt;
&lt;li&gt;
&lt;p&gt;Fronts: Fronts are boundaries between air masses with different temperature and moisture characteristics. Streamline and isotach analysis can be used to identify the location of fronts and to determine the direction in which they are moving.&lt;/p&gt;
&lt;/li&gt;
&lt;li&gt;
&lt;p&gt;Cyclones and anticyclones: Cyclones and anticyclones are large-scale areas of low and high pressure, respectively. Streamline and isotach analysis can be used to identify the location of cyclones and anticyclones and to determine their strength and direction of movement.&lt;/p&gt;
&lt;/li&gt;
&lt;li&gt;
&lt;p&gt;Jet streams: Jet streams are narrow bands of strong wind that occur high in the atmosphere. Streamline and isotach analysis can be used to identify the location of jet streams and to determine their strength and direction of movement.&lt;/p&gt;
&lt;/li&gt;
&lt;/ol&gt;
&lt;p&gt;Streamline and isotach analysis is also useful for forecasting weather. For example, meteorologists can use streamline and isotach analysis to predict where and when precipitation is likely to occur.&lt;/p&gt;
&lt;p&gt;&lt;strong&gt;How is Streamline and isotach analysis done?&lt;/strong&gt;&lt;/p&gt;
&lt;p&gt;To create a streamline and isotach analysis, meteorologists use wind observations from weather stations and aircraft. They first plot the wind observations on a map. Then, they draw streamlines and isotachs connecting the wind observations.&lt;/p&gt;
&lt;p&gt;Streamlines are typically drawn at regular intervals, such as every 5 or 10 degrees. Isotachs are typically drawn at intervals of 5 or 10 knots.&lt;/p&gt;
&lt;p&gt;Once the streamlines and isotachs have been drawn, meteorologists can begin to analyze the wind field. For example, they can look for areas where the streamlines are converging or diverging. Convergence of streamlines indicates an area where air is accumulating, which can lead to precipitation. Divergence of streamlines indicates an area where air is spreading out, which can lead to clear skies.&lt;/p&gt;
&lt;p&gt;Meteorologists can also look for areas where the isotachs are close together. This indicates an area where the wind is strong. Areas where the isotachs are far apart indicate an area where the wind is weak.&lt;/p&gt;
&lt;p&gt;Streamline and isotach analysis is a powerful tool for understanding and forecasting the weather. It is used by meteorologists around the world to create weather maps and forecasts.&lt;/p&gt;

    &lt;/p&gt;
  &lt;/div&gt;
&lt;/div&gt;

&lt;h2&gt;Meteorological stability&lt;span class=&#34;absolute -mt-20&#34; id=&#34;meteorological-stability&#34;&gt;&lt;/span&gt;
    &lt;a href=&#34;#meteorological-stability&#34; class=&#34;subheading-anchor&#34; aria-label=&#34;Permalink for this section&#34;&gt;&lt;/a&gt;&lt;/h2&gt;




  










&lt;div class=&#34;overflow-x-auto mt-6 flex rounded-lg border py-2 ltr:pr-4 rtl:pl-4 contrast-more:border-current contrast-more:dark:border-current border-blue-200 bg-blue-100 text-blue-900 dark:border-blue-200/30 dark:bg-blue-900/30 dark:text-blue-200&#34;&gt;
  &lt;div class=&#34;select-none text-xl ltr:pl-3 ltr:pr-2 rtl:pr-3 rtl:pl-2&#34; style=&#39;font-family: &#34;Apple Color Emoji&#34;, &#34;Segoe UI Emoji&#34;, &#34;Segoe UI Symbol&#34;;&#39;&gt;ℹ️&lt;/div&gt;
  &lt;div class=&#34;w-full min-w-0 leading-7&#34;&gt;
    &lt;p class=&#34;mt-6 leading-7 first:mt-0&#34;&gt;
      &lt;p&gt;&lt;strong&gt;What is Meteorological Stability?&lt;/strong&gt;&lt;/p&gt;
&lt;p&gt;Meteorological stability is a measure of the atmosphere&amp;rsquo;s tendency to resist vertical motion. A stable atmosphere is one in which vertical motion is suppressed, while an unstable atmosphere is one in which vertical motion is enhanced.&lt;/p&gt;
&lt;p&gt;&lt;strong&gt;What does Meteorological Stability depend upon?&lt;/strong&gt;&lt;/p&gt;
&lt;p&gt;The stability of the atmosphere is determined by a number of factors, including:&lt;/p&gt;
&lt;ol&gt;
&lt;li&gt;Temperature: The temperature of the air decreases with altitude. If the air temperature decreases more slowly than the environmental temperature, the air parcel will be warmer than the surrounding air and will rise. This is known as instability. If the air temperature decreases more quickly than the environmental temperature, the air parcel will be cooler than the surrounding air and will sink. This is known as stability.&lt;/li&gt;
&lt;li&gt;Moisture: Water vapor is less dense than dry air. This means that a rising air parcel that is saturated with water vapor will be less dense than the surrounding air and will continue to rise. This is known as conditional instability.&lt;/li&gt;
&lt;li&gt;Wind shear: Wind shear is the change in wind speed or direction with altitude. Wind shear can destabilize the atmosphere by creating turbulence.&lt;/li&gt;
&lt;/ol&gt;
&lt;p&gt;&lt;strong&gt;Why is Meteorological stability Important?&lt;/strong&gt;&lt;/p&gt;
&lt;p&gt;Meteorological stability is important for a number of reasons.&lt;/p&gt;
&lt;ol&gt;
&lt;li&gt;
&lt;p&gt;First, it affects the development of clouds and precipitation. Stable atmospheres are less likely to produce clouds and precipitation, while unstable atmospheres are more likely to produce clouds and precipitation.&lt;/p&gt;
&lt;/li&gt;
&lt;li&gt;
&lt;p&gt;Second, meteorological stability affects the severity of weather events. For example, thunderstorms are more likely to develop in unstable atmospheres.&lt;/p&gt;
&lt;/li&gt;
&lt;li&gt;
&lt;p&gt;Third, meteorological stability affects the transport of pollutants. Stable atmospheres can trap pollutants near the ground, while unstable atmospheres can transport pollutants higher into the atmosphere.&lt;/p&gt;
&lt;/li&gt;
&lt;/ol&gt;
&lt;p&gt;&lt;strong&gt;What are the tools used by Meterologists to assess meteorological stability?&lt;/strong&gt;&lt;/p&gt;
&lt;p&gt;Meteorologists use a variety of tools to assess meteorological stability, including:&lt;/p&gt;
&lt;ol&gt;
&lt;li&gt;Temperature and dew point soundings: Temperature and dew point soundings are used to measure the temperature and moisture of the air at different altitudes. This information can be used to calculate the environmental lapse rate and the moist adiabatic lapse rate, which can then be used to assess stability.&lt;/li&gt;
&lt;li&gt;Wind shear profiles: Wind shear profiles are used to measure the change in wind speed or direction with altitude. This information can be used to assess the destabilizing effect of wind shear.&lt;/li&gt;
&lt;li&gt;Satellite imagery: Satellite imagery can be used to identify cloud patterns and other features that can be indicative of stability or instability.
Meteorologists use information about meteorological stability to create weather forecasts and to issue warnings about hazardous weather conditions.&lt;/li&gt;
&lt;/ol&gt;

    &lt;/p&gt;
  &lt;/div&gt;
&lt;/div&gt;

&lt;h2&gt;Numerical meteorological prediction (NWP)&lt;span class=&#34;absolute -mt-20&#34; id=&#34;numerical-meteorological-prediction-nwp&#34;&gt;&lt;/span&gt;
    &lt;a href=&#34;#numerical-meteorological-prediction-nwp&#34; class=&#34;subheading-anchor&#34; aria-label=&#34;Permalink for this section&#34;&gt;&lt;/a&gt;&lt;/h2&gt;&lt;p&gt;&lt;strong&gt;What is a Numerical meteorological prediction (NWP)?&lt;/strong&gt;
Numerical meteorological prediction (NWP) is a method of forecasting the weather by using mathematical models of the atmosphere and oceans. NWP models use the laws of physics to simulate the atmosphere and oceans and to predict how they will change over time.&lt;/p&gt;
&lt;p&gt;NWP models are typically run on supercomputers, which are required to perform the billions of calculations necessary to produce a forecast. NWP models are initialized with current weather observations, which are collected from a variety of sources, including weather stations, aircraft, and satellites.&lt;/p&gt;
&lt;p&gt;Once the model is initialized, it is run forward in time to produce a forecast. The forecast includes a variety of weather elements, such as temperature, precipitation, wind, and cloud cover.&lt;/p&gt;
&lt;p&gt;NWP models are constantly being improved as scientists learn more about the atmosphere and oceans. NWP models are now able to produce accurate forecasts for a variety of weather events, including thunderstorms, hurricanes, and winter storms.&lt;/p&gt;
&lt;p&gt;&lt;strong&gt;What are the uses of  NWP?&lt;/strong&gt;
NWP forecasts are used by a variety of people and organizations, including:&lt;/p&gt;
&lt;ul&gt;
&lt;li&gt;Meteorologists: Meteorologists use NWP forecasts to create weather forecasts for the public.&lt;/li&gt;
&lt;li&gt;Aviation: Pilots and other aviation professionals use NWP forecasts to plan flights.&lt;/li&gt;
&lt;li&gt;Shipping: Ship captains and other maritime professionals use NWP forecasts to plan voyages.&lt;/li&gt;
&lt;li&gt;Agriculture: Farmers and other agricultural professionals use NWP forecasts to make decisions about planting, harvesting, and irrigation.&lt;/li&gt;
&lt;li&gt;Energy: Energy companies use NWP forecasts to predict demand and to plan operations.
NWP is a powerful tool for forecasting the weather and for making informed decisions about a variety of activities. NWP models are constantly being improved and are becoming more accurate all the time.&lt;/li&gt;
&lt;/ul&gt;
&lt;p&gt;&lt;strong&gt;What are some of the challenges of NWP?&lt;/strong&gt;&lt;/p&gt;
&lt;ol&gt;
&lt;li&gt;The atmosphere is a complex system. There are a large number of factors that can influence the weather, and it is difficult to model all of these factors perfectly.&lt;/li&gt;
&lt;li&gt;Weather observations are not perfect. Weather observations are collected from a variety of sources, and the quality of these observations can vary. This can lead to errors in the model&amp;rsquo;s initial conditions.&lt;/li&gt;
&lt;li&gt;Computers have limited power. Even supercomputers are not powerful enough to simulate the atmosphere and oceans perfectly. This means that NWP models have to make approximations, which can lead to errors in the forecast.&lt;/li&gt;
&lt;/ol&gt;
&lt;p&gt;Despite these challenges, NWP is a very useful tool for forecasting the weather. NWP forecasts are used by a variety of people and organizations to make informed decisions about a variety of activities.&lt;/p&gt;

      </description>
    </item>
    
    <item>
      <title>Wind Effects</title>
      <link>https://anirbanmarine.in/docs/partc/em301/meteorology/wind_effects/</link>
      <pubDate>Mon, 01 Jan 0001 00:00:00 +0000</pubDate>
      
      <guid>https://anirbanmarine.in/docs/partc/em301/meteorology/wind_effects/</guid>
      <description>
        
        
        &lt;h2&gt;Divergence&lt;span class=&#34;absolute -mt-20&#34; id=&#34;divergence&#34;&gt;&lt;/span&gt;
    &lt;a href=&#34;#divergence&#34; class=&#34;subheading-anchor&#34; aria-label=&#34;Permalink for this section&#34;&gt;&lt;/a&gt;&lt;/h2&gt;&lt;p&gt;&lt;strong&gt;What is wind effects divergence?&lt;/strong&gt;
Wind effects divergence refer to the effects of horizontal winds on the divergence of air. Divergence is a measure of how much air is spreading out from a given point. It is calculated as the sum of the changes in the wind speed in the x, y, and z directions.
Wind effects divergence can be either positive or negative. Positive divergence means that air is spreading out from a given point, while negative divergence means that air is converging towards a given point.&lt;/p&gt;
&lt;p&gt;&lt;strong&gt;What are the examples of Wind effect divergence?&lt;/strong&gt;
Here are some examples of wind effects divergence:&lt;/p&gt;
&lt;ul&gt;
&lt;li&gt;Upper-level divergence: When winds in the upper levels of the atmosphere spread out, it creates a region of low pressure at the surface. This can lead to the formation of clouds and precipitation.&lt;/li&gt;
&lt;li&gt;Surface convergence: When winds at the surface converge, it creates a region of high pressure. This can lead to clear skies and dry weather.&lt;/li&gt;
&lt;li&gt;Coastal convergence: When winds blow from the ocean towards the land, they converge at the coastline. This can lead to the formation of fog and clouds along the coast.&lt;/li&gt;
&lt;li&gt;Mountain convergence: When winds blow up a mountain slope, they converge at the ridge. This can lead to the formation of clouds and precipitation on the windward side of the mountain.&lt;/li&gt;
&lt;/ul&gt;
&lt;p&gt;&lt;strong&gt;What are the effects of wind divergence on weather pattern?&lt;/strong&gt;&lt;/p&gt;
&lt;p&gt;Wind effects divergence can have a significant impact on weather patterns. For example, upper-level divergence is often associated with the development of mid-latitude cyclones, while surface convergence is often associated with the development of anticyclones.
Here are some specific examples of weather events that can be caused by wind effects divergence:&lt;/p&gt;
&lt;ul&gt;
&lt;li&gt;Thunderstorms: Thunderstorms often form in regions of upper-level divergence and surface convergence. The upper-level divergence helps to lift air, while the surface convergence helps to focus the lift.&lt;/li&gt;
&lt;li&gt;Tornadoes: Tornadoes can form in regions of strong upper-level divergence and surface convergence. The upper-level divergence helps to lift air, while the surface convergence helps to rotate the air.&lt;/li&gt;
&lt;li&gt;Hurricanes: Hurricanes form in regions of strong upper-level divergence and low-level convergence. The upper-level divergence helps to lift air, while the low-level convergence helps to organize the air into a rotating storm system.&lt;/li&gt;
&lt;/ul&gt;
&lt;p&gt;Wind effects divergence is a complex topic, but it is important to understand its role in weather forecasting. By understanding how wind effects divergence can lead to the development of different weather events, meteorologists can better predict when and where these events will occur.&lt;/p&gt;
&lt;h2&gt;Convergence&lt;span class=&#34;absolute -mt-20&#34; id=&#34;convergence&#34;&gt;&lt;/span&gt;
    &lt;a href=&#34;#convergence&#34; class=&#34;subheading-anchor&#34; aria-label=&#34;Permalink for this section&#34;&gt;&lt;/a&gt;&lt;/h2&gt;&lt;p&gt;&lt;strong&gt;What is wind convergence?&lt;/strong&gt;
Wind effects convergence refer to the effects of horizontal winds on the convergence of air. Convergence is a measure of how much air is flowing towards a given point. It is calculated as the sum of the changes in the wind speed in the x, y, and z directions.
Wind effects convergence can have a significant impact on weather patterns. When winds converge, they force air to rise. This rising air cools and condenses, forming clouds and precipitation. Wind effects convergence can also lead to the development of strong winds, such as thunderstorms and tornadoes.&lt;/p&gt;
&lt;p&gt;&lt;strong&gt;Give some examples of wind convergence?&lt;/strong&gt;&lt;/p&gt;
&lt;p&gt;Here are some specific examples of wind effects convergence:&lt;/p&gt;
&lt;ul&gt;
&lt;li&gt;Sea breeze convergence: During the day, the land heats up faster than the ocean. This causes the air over the land to rise, creating a low-pressure area. Winds then blow from the ocean towards the land to fill in the low-pressure area. This convergence of winds at the coastline can lead to the formation of clouds and precipitation showers.&lt;/li&gt;
&lt;li&gt;Mountain convergence: When winds blow up a mountain slope, they converge at the ridge. This convergence of winds can lead to the formation of clouds and precipitation on the windward side of the mountain.&lt;/li&gt;
&lt;li&gt;Frontal convergence: When a warm front and a cold front collide, they create a region of convergence where the warm air rises over the cold air. This convergence can lead to the formation of clouds and precipitation.&lt;/li&gt;
&lt;li&gt;Upper-level convergence: When winds in the upper levels of the atmosphere converge, it creates a region of low pressure at the surface. This convergence can lead to the formation of clouds and precipitation.&lt;/li&gt;
&lt;/ul&gt;
&lt;p&gt;Wind effects convergence is an important factor in weather forecasting. By understanding how wind effects convergence can lead to the development of different weather events, meteorologists can better predict when and where these events will occur.&lt;/p&gt;
&lt;p&gt;&lt;strong&gt;What are the effects of wind convergence on weather pattern?&lt;/strong&gt;&lt;/p&gt;
&lt;p&gt;Here are some specific examples of weather events that can be caused by wind effects convergence:&lt;/p&gt;
&lt;ul&gt;
&lt;li&gt;Thunderstorms: Thunderstorms often form in regions of upper-level divergence and surface convergence. The upper-level divergence helps to lift air, while the surface convergence helps to focus the lift.&lt;/li&gt;
&lt;li&gt;Tornadoes: Tornadoes can form in regions of strong upper-level divergence and surface convergence. The upper-level divergence helps to lift air, while the surface convergence helps to rotate the air.&lt;/li&gt;
&lt;li&gt;Hurricanes: Hurricanes form in regions of strong upper-level divergence and low-level convergence. The upper-level divergence helps to lift air, while the low-level convergence helps to organize the air into a rotating storm system.&lt;/li&gt;
&lt;/ul&gt;
&lt;p&gt;Wind effects convergence is a complex topic, but it is important to understand its role in weather forecasting. By understanding how wind effects convergence can lead to the development of different weather events, meteorologists can better predict when and where these events will occur.&lt;/p&gt;
&lt;h2&gt;Wind Diffluence&lt;span class=&#34;absolute -mt-20&#34; id=&#34;wind-diffluence&#34;&gt;&lt;/span&gt;
    &lt;a href=&#34;#wind-diffluence&#34; class=&#34;subheading-anchor&#34; aria-label=&#34;Permalink for this section&#34;&gt;&lt;/a&gt;&lt;/h2&gt;&lt;p&gt;&lt;strong&gt;What is wind diffluence?&lt;/strong&gt;
Wind diffluence is a pattern of wind flow in which air moves outward (in a &amp;ldquo;fan-out&amp;rdquo; pattern) away from a central axis that is oriented parallel to the general direction of the flow. It is the opposite of confluence.
Diffluence is often associated with upper-level troughs in the atmosphere. As a trough passes over a region, it creates a region of diffluence in the upper levels. This diffluence can lead to the development of rising air, which can in turn lead to the formation of clouds and precipitation.
Diffluence can also be found in the lower levels of the atmosphere. For example, difluence can occur along the coastline on a hot summer day. As the land heats up, it creates a low-pressure area over the land. Winds then blow from the ocean towards the land to fill in the low-pressure area. This convergence of winds at the coastline can lead to the formation of a sea breeze.&lt;/p&gt;
&lt;p&gt;&lt;strong&gt;What are the effects of wind diffluence?&lt;/strong&gt;&lt;/p&gt;
&lt;p&gt;Wind diffluence can have a significant impact on weather patterns. For example, diffluence in the upper levels of the atmosphere is often associated with the development of mid-latitude cyclones and thunderstorms. Diffluence in the lower levels of the atmosphere can lead to the development of sea breezes and other local weather phenomena.
Here are some specific examples of weather events that can be caused by wind diffluence:&lt;/p&gt;
&lt;ul&gt;
&lt;li&gt;Thunderstorms: Thunderstorms often form in regions of upper-level divergence and surface convergence. The upper-level divergence helps to lift air, while the surface convergence helps to focus the lift.&lt;/li&gt;
&lt;li&gt;Tornadoes: Tornadoes can form in regions of strong upper-level divergence and surface convergence. The upper-level divergence helps to lift air, while the surface convergence helps to rotate the air.&lt;/li&gt;
&lt;li&gt;Hurricanes: Hurricanes form in regions of strong upper-level divergence and low-level convergence. The upper-level divergence helps to lift air, while the low-level convergence helps to organize the air into a rotating storm system.&lt;/li&gt;
&lt;/ul&gt;
&lt;p&gt;Wind diffluence is an important factor in weather forecasting. By understanding how wind diffluence can lead to the development of different weather events, meteorologists can better predict when and where these events will occur.&lt;/p&gt;
&lt;h2&gt;Wind Confluence&lt;span class=&#34;absolute -mt-20&#34; id=&#34;wind-confluence&#34;&gt;&lt;/span&gt;
    &lt;a href=&#34;#wind-confluence&#34; class=&#34;subheading-anchor&#34; aria-label=&#34;Permalink for this section&#34;&gt;&lt;/a&gt;&lt;/h2&gt;&lt;p&gt;&lt;strong&gt;What is wind confluence?&lt;/strong&gt;
Wind confluence is a pattern of wind flow in which air flows inward towards an axis that is oriented parallel to the general direction of flow. It is the opposite of diffluence.
Wind confluence can be caused by a variety of factors, including:&lt;/p&gt;
&lt;ul&gt;
&lt;li&gt;Topography: Mountains and valleys can channel wind, causing it to converge.&lt;/li&gt;
&lt;li&gt;Sea breezes: Sea breezes are caused by the differential heating between the land and the ocean during the day. The land heats up faster than the ocean, causing the air over the land to rise. This creates a region of low pressure over the land, and winds then blow from the ocean towards the land to fill in the low-pressure area. This convergence of winds at the coastline creates a sea breeze.&lt;/li&gt;
&lt;li&gt;Frontal systems: When a warm front and a cold front collide, they create a region of convergence where the warm air rises over the cold air. This convergence can lead to the development of clouds and precipitation.&lt;/li&gt;
&lt;li&gt;Upper-level troughs: Upper-level troughs are regions of low pressure in the upper levels of the atmosphere. As a trough passes over a region, it can create a region of confluence in the upper levels. This confluence can lead to the development of rising air, which can in turn lead to the formation of clouds and precipitation.&lt;/li&gt;
&lt;/ul&gt;
&lt;p&gt;&lt;strong&gt;What are the effects of wind confluence?&lt;/strong&gt;&lt;/p&gt;
&lt;p&gt;Wind confluence can have a significant impact on weather patterns. When winds converge, they force air to rise. This rising air cools and condenses, forming clouds and precipitation. Wind confluence can also lead to the development of strong winds, such as thunderstorms and tornadoes.
Here are some specific examples of weather events that can be caused by wind confluence:&lt;/p&gt;
&lt;ul&gt;
&lt;li&gt;Thunderstorms: Thunderstorms often form in regions of upper-level divergence and surface convergence. The upper-level divergence helps to lift air, while the surface convergence helps to focus the lift.&lt;/li&gt;
&lt;li&gt;Tornadoes: Tornadoes can form in regions of strong upper-level divergence and surface convergence. The upper-level divergence helps to lift air, while the surface convergence helps to rotate the air.&lt;/li&gt;
&lt;li&gt;Hurricanes: Hurricanes form in regions of strong upper-level divergence and low-level convergence. The upper-level divergence helps to lift air, while the low-level convergence helps to organize the air into a rotating storm system.&lt;/li&gt;
&lt;/ul&gt;
&lt;p&gt;Wind confluence is an important factor in weather forecasting. By understanding how wind confluence can lead to the development of different weather events, meteorologists can better predict when and where these events will occur.&lt;/p&gt;
&lt;h2&gt;Wind Vorticity&lt;span class=&#34;absolute -mt-20&#34; id=&#34;wind-vorticity&#34;&gt;&lt;/span&gt;
    &lt;a href=&#34;#wind-vorticity&#34; class=&#34;subheading-anchor&#34; aria-label=&#34;Permalink for this section&#34;&gt;&lt;/a&gt;&lt;/h2&gt;&lt;p&gt;&lt;strong&gt;What is wind vorticity?&lt;/strong&gt;&lt;/p&gt;
&lt;p&gt;Wind vorticity is a measure of the rotation of the wind. It is calculated as the curl of the wind velocity.
&lt;span class=&#34;inline-block align-text-bottom icon&#34;&gt;&lt;svg height=1em xmlns=&#34;http://www.w3.org/2000/svg&#34; fill=&#34;none&#34; viewBox=&#34;0 0 24 24&#34; stroke-width=&#34;2&#34; stroke=&#34;currentColor&#34; aria-hidden=&#34;true&#34;&gt;&lt;path stroke-linecap=&#34;round&#34; stroke-linejoin=&#34;round&#34; d=&#34;M11.049 2.927c.3-.921 1.603-.921 1.902 0l1.519 4.674a1 1 0 00.95.69h4.915c.969 0 1.371 1.24.588 1.81l-3.976 2.888a1 1 0 00-.363 1.118l1.518 4.674c.3.922-.755 1.688-1.538 1.118l-3.976-2.888a1 1 0 00-1.176 0l-3.976 2.888c-.783.57-1.838-.197-1.538-1.118l1.518-4.674a1 1 0 00-.363-1.118l-3.976-2.888c-.784-.57-.38-1.81.588-1.81h4.914a1 1 0 00.951-.69l1.519-4.674z&#34;/&gt;&lt;/svg&gt;&lt;/span&gt;
&lt;/p&gt;
&lt;blockquote&gt;
&lt;p&gt;Vorticity is a vector quantity, meaning that it has both magnitude and direction. The magnitude of vorticity represents the strength of the rotation, while the direction of vorticity represents the axis around which the rotation is occurring.
Wind vorticity can be either positive or negative. Positive vorticity indicates that the wind is rotating counterclockwise, while negative vorticity indicates that the wind is rotating clockwise.&lt;/p&gt;
&lt;/blockquote&gt;
&lt;p&gt;&lt;strong&gt;Explain the effects of Wind Vorticity.&lt;/strong&gt;&lt;/p&gt;
&lt;p&gt;Wind vorticity is an important quantity in meteorology because it is associated with a number of different weather phenomena, including:&lt;/p&gt;
&lt;ul&gt;
&lt;li&gt;Thunderstorms: Thunderstorms often form in regions of high vorticity. The vorticity helps to lift the air and create the instability that is necessary for thunderstorm development.&lt;/li&gt;
&lt;li&gt;Tornadoes: Tornadoes are formed by intense vortices. The vorticity of a tornado can be extremely high, which is why tornadoes are so destructive.&lt;/li&gt;
&lt;li&gt;Hurricanes: Hurricanes are also characterized by high vorticity. The vorticity of a hurricane helps to organize the storm and keep it together.&lt;/li&gt;
&lt;/ul&gt;
&lt;p&gt;Wind vorticity can also influence the movement of weather systems. For example, a trough in the upper atmosphere is associated with a positive vorticity anomaly. This positive vorticity anomaly can help to steer the trough and the associated weather system.&lt;/p&gt;
&lt;p&gt;Wind vorticity is a complex topic, but it is an important concept to understand in order to understand weather forecasting. By understanding how wind vorticity can lead to the development of different weather events, meteorologists can better predict when and where these events will occur.&lt;/p&gt;
&lt;p&gt;Here are some additional examples of wind vorticity:&lt;/p&gt;
&lt;ul&gt;
&lt;li&gt;Wind shear: Wind shear is the change in wind speed or direction with distance. Wind shear can create vorticity, especially when it occurs in the horizontal plane.&lt;/li&gt;
&lt;li&gt;Surface friction: Surface friction can also create vorticity, especially in the lower levels of the atmosphere.&lt;/li&gt;
&lt;li&gt;Mountain ranges: Mountain ranges can channel wind and create vorticity.&lt;/li&gt;
&lt;li&gt;Frontal systems: Frontal systems can also create vorticity, especially where the warm front and cold front intersect.&lt;/li&gt;
&lt;/ul&gt;
&lt;p&gt;Wind vorticity is a ubiquitous feature of the atmosphere, and it plays an important role in a variety of weather phenomena.&lt;/p&gt;
&lt;h2&gt;Does wind get affected by Coriolis and Centrifugal Motion of the Earth?&lt;span class=&#34;absolute -mt-20&#34; id=&#34;does-wind-get-affected-by-coriolis-and-centrifugal-motion-of-the-earth&#34;&gt;&lt;/span&gt;
    &lt;a href=&#34;#does-wind-get-affected-by-coriolis-and-centrifugal-motion-of-the-earth&#34; class=&#34;subheading-anchor&#34; aria-label=&#34;Permalink for this section&#34;&gt;&lt;/a&gt;&lt;/h2&gt;&lt;p&gt;Yes,  Coriolis, and centrifugal effects balance motion of wind.&lt;/p&gt;
&lt;p&gt;Wind effects are caused by differences in atmospheric pressure. Air flows from areas of high pressure to areas of low pressure. The stronger the pressure gradient, the stronger the wind will be.&lt;/p&gt;
&lt;p&gt;&lt;strong&gt;Coriolis effect&lt;/strong&gt; is an apparent force that acts on moving objects on a rotating frame of reference. On Earth, the Coriolis effect deflects moving objects to the right in the Northern Hemisphere and to the left in the Southern Hemisphere.&lt;/p&gt;
&lt;p&gt;&lt;strong&gt;Centrifugal force&lt;/strong&gt; is a fictitious force that acts on objects moving in a circular path. It is directed away from the center of the circle.&lt;/p&gt;
&lt;p&gt;The Coriolis effect and centrifugal force are both important factors in determining the direction and speed of wind.&lt;/p&gt;
&lt;p&gt;In the absence of other forces, wind would flow directly from high pressure to low pressure. However, the Coriolis effect causes the wind to be deflected to the right in the Northern Hemisphere and to the left in the Southern Hemisphere. This deflection is strongest at the poles and weakest at the equator.&lt;/p&gt;
&lt;p&gt;The centrifugal force acts on the wind because the wind is flowing in a curved path around the Earth. The centrifugal force is directed away from the center of the Earth, so it tends to push the wind outward.&lt;/p&gt;
&lt;h2&gt;What is Geostrophic Balance?&lt;span class=&#34;absolute -mt-20&#34; id=&#34;what-is-geostrophic-balance&#34;&gt;&lt;/span&gt;
    &lt;a href=&#34;#what-is-geostrophic-balance&#34; class=&#34;subheading-anchor&#34; aria-label=&#34;Permalink for this section&#34;&gt;&lt;/a&gt;&lt;/h2&gt;&lt;p&gt;The balance between the pressure gradient force, the Coriolis effect, and the centrifugal force determines the direction and speed of the wind. This balance is called geostrophic balance.&lt;/p&gt;
&lt;p&gt;Geostrophic balance is most common in the upper atmosphere, where friction is low. In the lower atmosphere, friction plays a role in slowing down the wind and reducing the Coriolis effect.&lt;/p&gt;
&lt;h2&gt;Give examples of how wind is affected by  Coriolis, and centrifugal effects balance motion&lt;span class=&#34;absolute -mt-20&#34; id=&#34;give-examples-of-how-wind-is-affected-by--coriolis-and-centrifugal-effects-balance-motion&#34;&gt;&lt;/span&gt;
    &lt;a href=&#34;#give-examples-of-how-wind-is-affected-by--coriolis-and-centrifugal-effects-balance-motion&#34; class=&#34;subheading-anchor&#34; aria-label=&#34;Permalink for this section&#34;&gt;&lt;/a&gt;&lt;/h2&gt;&lt;p&gt;Here are some examples of how wind is affected by  Coriolis, and centrifugal effects balance motion:&lt;/p&gt;
&lt;ol&gt;
&lt;li&gt;
&lt;p&gt;The Coriolis effect is responsible for the direction of the prevailing winds, such as the trade winds and the westerlies.&lt;/p&gt;
&lt;/li&gt;
&lt;li&gt;
&lt;p&gt;The Coriolis effect also causes hurricanes and other cyclones to rotate in a counterclockwise direction in the Northern Hemisphere and clockwise direction in the Southern Hemisphere.&lt;/p&gt;
&lt;/li&gt;
&lt;li&gt;
&lt;p&gt;The centrifugal force helps to keep the wind flowing in a circular path around hurricanes and other cyclones.&lt;/p&gt;
&lt;/li&gt;
&lt;/ol&gt;
&lt;p&gt;The balance between wind effects, Coriolis, and centrifugal effects is a complex one, but it is essential for understanding the global circulation of the atmosphere and the formation of weather patterns.&lt;/p&gt;
&lt;h2&gt;Geostrophic and Gradient wind&lt;span class=&#34;absolute -mt-20&#34; id=&#34;geostrophic-and-gradient-wind&#34;&gt;&lt;/span&gt;
    &lt;a href=&#34;#geostrophic-and-gradient-wind&#34; class=&#34;subheading-anchor&#34; aria-label=&#34;Permalink for this section&#34;&gt;&lt;/a&gt;&lt;/h2&gt;&lt;p&gt;&lt;strong&gt;Geostrophic and gradient winds are two types of atmospheric winds that are driven by a balance between different forces.&lt;/strong&gt;&lt;/p&gt;
&lt;p&gt;&lt;strong&gt;Geostrophic wind&lt;/strong&gt; is a theoretical wind that flows parallel to isobars (lines of equal pressure) in a balance between the pressure gradient force and the Coriolis effect. Geostrophic wind is most common in the upper atmosphere, where friction is low.&lt;/p&gt;
&lt;p&gt;&lt;strong&gt;Gradient wind&lt;/strong&gt; is a more realistic wind that flows parallel to isobars in a balance between the pressure gradient force, the Coriolis effect, and the centrifugal force. Centrifugal force is a fictitious force that acts on objects moving in a circular path. It is directed away from the center of the circle.&lt;/p&gt;
&lt;p&gt;The main difference between geostrophic and gradient wind is that gradient wind takes into account the curvature of the isobars, while geostrophic wind does not. In reality, isobars are almost always curved, so gradient wind is a more realistic representation of the wind than geostrophic wind.&lt;/p&gt;
&lt;p&gt;Example:&lt;/p&gt;
&lt;p&gt;Consider a high pressure system in the Northern Hemisphere. The pressure gradient force will cause the wind to blow from the high pressure system towards the surrounding low pressure systems. However, the Coriolis effect will deflect the wind to the right. This will cause the wind to flow in a circular path around the high pressure system.&lt;/p&gt;
&lt;blockquote&gt;
&lt;p&gt;The centrifugal force will act on the wind because the wind is flowing in a circular path. The centrifugal force is directed away from the center of the high pressure system, so it will tend to push the wind outward.&lt;/p&gt;
&lt;/blockquote&gt;
&lt;blockquote&gt;
&lt;p&gt;The balance between the pressure gradient force, the Coriolis effect, and the centrifugal force will determine the direction and speed of the wind. This balance is called gradient wind balance.&lt;/p&gt;
&lt;/blockquote&gt;
&lt;blockquote&gt;
&lt;p&gt;Gradient wind will blow parallel to the isobars, but it will not be directly perpendicular to the pressure gradient force. The angle between the wind and the pressure gradient force will depend on the strength of the Coriolis effect and the centrifugal force.&lt;/p&gt;
&lt;/blockquote&gt;
&lt;p&gt;&lt;strong&gt;The Coriolis effect&lt;/strong&gt; is strongest at the poles and weakest at the equator, so the angle between the wind and the pressure gradient force will be greatest at the poles and smallest at the equator.&lt;/p&gt;
&lt;p&gt;&lt;strong&gt;The centrifugal force&lt;/strong&gt; is proportional to the wind speed squared, so the angle between the wind and the pressure gradient force will also increase with wind speed.&lt;/p&gt;
&lt;p&gt;Gradient wind is an important concept in meteorology because it helps us to understand the global circulation of the atmosphere and the formation of weather patterns.&lt;/p&gt;
&lt;h2&gt;Cyclostrophic Wind&lt;span class=&#34;absolute -mt-20&#34; id=&#34;cyclostrophic-wind&#34;&gt;&lt;/span&gt;
    &lt;a href=&#34;#cyclostrophic-wind&#34; class=&#34;subheading-anchor&#34; aria-label=&#34;Permalink for this section&#34;&gt;&lt;/a&gt;&lt;/h2&gt;&lt;blockquote&gt;
&lt;p&gt;Cyclostrophic wind is a type of wind that is driven by a balance between the pressure gradient force and the centrifugal force. It is similar to gradient wind, but it does not take into account the Coriolis effect.&lt;/p&gt;
&lt;/blockquote&gt;
&lt;blockquote&gt;
&lt;p&gt;Cyclostrophic wind is most common in small-scale, short-lived weather systems, such as tornadoes, dust devils, and waterspouts. In these systems, the radius of curvature of the airflow is relatively small, and the Coriolis force has not had time to become significant.&lt;/p&gt;
&lt;/blockquote&gt;
&lt;p&gt;Cyclostrophic wind can also be found near the equator, where the Coriolis force is weak.&lt;/p&gt;
&lt;p&gt;Cyclostrophic wind is usually much faster than gradient wind because it does not have to balance the Coriolis effect. For example, the wind speeds in a tornado can reach hundreds of miles per hour.&lt;/p&gt;
&lt;p&gt;Example:&lt;/p&gt;
&lt;p&gt;Consider a tornado. The pressure gradient force will cause the wind to blow from the outside of the tornado towards the center. However, the centrifugal force will act on the wind because the wind is flowing in a circular path. The centrifugal force is directed away from the center of the tornado, so it will tend to push the wind outward.&lt;/p&gt;
&lt;p&gt;The balance between the pressure gradient force and the centrifugal force will determine the direction and speed of the wind. This balance is called cyclostrophic balance.&lt;/p&gt;
&lt;p&gt;Cyclostrophic wind will blow parallel to the isobars, but it will not be directly perpendicular to the pressure gradient force. The angle between the wind and the pressure gradient force will depend on the strength of the pressure gradient force and the centrifugal force.&lt;/p&gt;
&lt;p&gt;Cyclostrophic wind is a powerful and dangerous force. It can cause significant damage to property and infrastructure.&lt;/p&gt;
&lt;h2&gt;How to stay safe during cyclostrophic wind:&lt;span class=&#34;absolute -mt-20&#34; id=&#34;how-to-stay-safe-during-cyclostrophic-wind&#34;&gt;&lt;/span&gt;
    &lt;a href=&#34;#how-to-stay-safe-during-cyclostrophic-wind&#34; class=&#34;subheading-anchor&#34; aria-label=&#34;Permalink for this section&#34;&gt;&lt;/a&gt;&lt;/h2&gt;&lt;p&gt;If you are in an area where cyclostrophic wind is possible, be aware of the signs and symptoms. These include a sudden drop in pressure, a loud roaring sound, and a rotating cloud.
If you see any of these signs, seek shelter immediately. The best shelter is a basement or interior room with no windows.
If you are caught outdoors, lie down in a ditch or other low-lying area and cover your head with your arms.
Stay tuned to local weather reports and follow the instructions of emergency personnel.&lt;/p&gt;
&lt;h2&gt;Jet Stream&lt;span class=&#34;absolute -mt-20&#34; id=&#34;jet-stream&#34;&gt;&lt;/span&gt;
    &lt;a href=&#34;#jet-stream&#34; class=&#34;subheading-anchor&#34; aria-label=&#34;Permalink for this section&#34;&gt;&lt;/a&gt;&lt;/h2&gt;&lt;p&gt;The jet stream is a narrow band of strong wind that flows from west to east high in the upper atmosphere. It is typically found between 6 and 12 miles (10 and 20 kilometers) above the surface of the Earth. The jet stream can reach speeds of up to 250 miles per hour (400 kilometers per hour).&lt;/p&gt;
&lt;p&gt;The jet stream is caused by the temperature difference between the equator and the poles. The equator is warmer than the poles, so the air at the equator rises. As the air rises, it cools and flows towards the poles. When the air reaches the poles, it sinks and warms. This cycle of rising and sinking air creates the jet stream.&lt;/p&gt;
&lt;p&gt;The jet stream is a very important feature of the Earth&amp;rsquo;s atmosphere. It helps to steer weather systems around the globe. The jet stream also helps to mix the air between the tropics and the poles, which helps to regulate the Earth&amp;rsquo;s temperature.&lt;/p&gt;
&lt;h2&gt;How the jet stream affects the weather:&lt;span class=&#34;absolute -mt-20&#34; id=&#34;how-the-jet-stream-affects-the-weather&#34;&gt;&lt;/span&gt;
    &lt;a href=&#34;#how-the-jet-stream-affects-the-weather&#34; class=&#34;subheading-anchor&#34; aria-label=&#34;Permalink for this section&#34;&gt;&lt;/a&gt;&lt;/h2&gt;&lt;p&gt;The jet stream can affect the weather in a number of ways. For example, it can:&lt;/p&gt;
&lt;p&gt;Steer storms, such as hurricanes and tornadoes, around the globe.
Influence the location of high- and low-pressure systems.
Affect the temperature and precipitation patterns in different regions.
For example, if the jet stream is further south than usual, it can bring warm, moist air from the tropics into the mid-latitudes. This can lead to heavy precipitation and thunderstorms.&lt;/p&gt;
&lt;p&gt;If the jet stream is further north than usual, it can bring cold, dry air from the Arctic into the mid-latitudes. This can lead to cold snaps and snowstorms.&lt;/p&gt;
&lt;p&gt;The jet stream is also affected by climate change. Climate change is causing the Earth&amp;rsquo;s atmosphere to warm. This is causing the jet stream to become weaker and more wavy. This can lead to more extreme weather events, such as heat waves, cold snaps, and droughts.&lt;/p&gt;
&lt;h2&gt;How to track the jet stream:&lt;span class=&#34;absolute -mt-20&#34; id=&#34;how-to-track-the-jet-stream&#34;&gt;&lt;/span&gt;
    &lt;a href=&#34;#how-to-track-the-jet-stream&#34; class=&#34;subheading-anchor&#34; aria-label=&#34;Permalink for this section&#34;&gt;&lt;/a&gt;&lt;/h2&gt;&lt;p&gt;The jet stream can be tracked using weather satellites and ground-based weather stations. The National Oceanic and Atmospheric Administration (NOAA) provides daily updates on the jet stream&amp;rsquo;s location and strength.&lt;/p&gt;
&lt;p&gt;You can track the jet stream yourself using a variety of online resources. For example, the National Weather Service website provides a number of jet stream maps and animations.&lt;/p&gt;

      </description>
    </item>
    
  </channel>
</rss>
