<rss version="2.0" xmlns:atom="http://www.w3.org/2005/Atom">
  <channel>
    <title>Study Extra Master – EM103 Maritime Law</title>
    <link>https://anirbanmarine.in/docs/parta/marlaw/</link>
    <description>Recent content in EM103 Maritime Law on Study Extra Master</description>
    <generator>Hugo -- gohugo.io</generator>
    <language>en-us</language>
    
	  <atom:link href="https://anirbanmarine.in/docs/parta/marlaw/index.xml" rel="self" type="application/rss+xml" />
    
    
      
        
      
    
    
  </channel>
</rss>
