<rss version="2.0" xmlns:atom="http://www.w3.org/2005/Atom">
  <channel>
    <title>Study Extra Master – Marine Resources-Power</title>
    <link>https://anirbanmarine.in/docs/partc/em301/marineres/power/</link>
    <description>Recent content in Marine Resources-Power on Study Extra Master</description>
    <generator>Hugo -- gohugo.io</generator>
    <language>en-us</language>
    
	  <atom:link href="https://anirbanmarine.in/docs/partc/em301/marineres/power/index.xml" rel="self" type="application/rss+xml" />
    
    
      
        
      
    
    
    <item>
      <title>Harnessing Energy from Sea</title>
      <link>https://anirbanmarine.in/docs/partc/em301/marineres/power/energyfmsea/</link>
      <pubDate>Mon, 01 Jan 0001 00:00:00 +0000</pubDate>
      
      <guid>https://anirbanmarine.in/docs/partc/em301/marineres/power/energyfmsea/</guid>
      <description>
        
        
        &lt;h2&gt;There are a number of different ways to harness energy from the sea, including:&lt;span class=&#34;absolute -mt-20&#34; id=&#34;there-are-a-number-of-different-ways-to-harness-energy-from-the-sea-including&#34;&gt;&lt;/span&gt;
    &lt;a href=&#34;#there-are-a-number-of-different-ways-to-harness-energy-from-the-sea-including&#34; class=&#34;subheading-anchor&#34; aria-label=&#34;Permalink for this section&#34;&gt;&lt;/a&gt;&lt;/h2&gt;&lt;h3&gt;Tidal energy:&lt;span class=&#34;absolute -mt-20&#34; id=&#34;tidal-energy&#34;&gt;&lt;/span&gt;
    &lt;a href=&#34;#tidal-energy&#34; class=&#34;subheading-anchor&#34; aria-label=&#34;Permalink for this section&#34;&gt;&lt;/a&gt;&lt;/h3&gt;&lt;p&gt;Tidal energy is generated by the movement of the tides. Tidal turbines can be installed in areas where the tides are strong to generate electricity.&lt;/p&gt;
&lt;h3&gt;Wave energy:&lt;span class=&#34;absolute -mt-20&#34; id=&#34;wave-energy&#34;&gt;&lt;/span&gt;
    &lt;a href=&#34;#wave-energy&#34; class=&#34;subheading-anchor&#34; aria-label=&#34;Permalink for this section&#34;&gt;&lt;/a&gt;&lt;/h3&gt;&lt;p&gt;Wave energy is generated by the movement of ocean waves. Wave energy converters can be installed on the seabed or on the surface of the ocean to generate electricity from the waves.&lt;/p&gt;
&lt;h3&gt;Ocean thermal energy conversion (OTEC):&lt;span class=&#34;absolute -mt-20&#34; id=&#34;ocean-thermal-energy-conversion-otec&#34;&gt;&lt;/span&gt;
    &lt;a href=&#34;#ocean-thermal-energy-conversion-otec&#34; class=&#34;subheading-anchor&#34; aria-label=&#34;Permalink for this section&#34;&gt;&lt;/a&gt;&lt;/h3&gt;&lt;p&gt;OTEC power plants use the temperature difference between the warm surface water and the cold deep water to generate electricity. OTEC power plants are typically installed in tropical regions where the temperature difference between the surface water and the deep water is large.&lt;/p&gt;
&lt;h3&gt;Salinity gradient power (SGP):&lt;span class=&#34;absolute -mt-20&#34; id=&#34;salinity-gradient-power-sgp&#34;&gt;&lt;/span&gt;
    &lt;a href=&#34;#salinity-gradient-power-sgp&#34; class=&#34;subheading-anchor&#34; aria-label=&#34;Permalink for this section&#34;&gt;&lt;/a&gt;&lt;/h3&gt;&lt;p&gt;SGP power plants use the difference in salinity between seawater and freshwater to generate electricity. SGP power plants are still in the early stages of development, but they have the potential to generate a significant amount of electricity from the oceans.
In addition to these four main methods, there are a number of other ways to harness energy from the sea, such as:&lt;/p&gt;
&lt;h3&gt;Ocean currents:&lt;span class=&#34;absolute -mt-20&#34; id=&#34;ocean-currents&#34;&gt;&lt;/span&gt;
    &lt;a href=&#34;#ocean-currents&#34; class=&#34;subheading-anchor&#34; aria-label=&#34;Permalink for this section&#34;&gt;&lt;/a&gt;&lt;/h3&gt;&lt;p&gt;Ocean currents can be used to generate electricity using turbines.&lt;/p&gt;
&lt;h3&gt;Offshore wind:&lt;span class=&#34;absolute -mt-20&#34; id=&#34;offshore-wind&#34;&gt;&lt;/span&gt;
    &lt;a href=&#34;#offshore-wind&#34; class=&#34;subheading-anchor&#34; aria-label=&#34;Permalink for this section&#34;&gt;&lt;/a&gt;&lt;/h3&gt;&lt;p&gt;Offshore wind turbines can be installed in shallow water to generate electricity from the wind.&lt;/p&gt;
&lt;h3&gt;Marine biomass:&lt;span class=&#34;absolute -mt-20&#34; id=&#34;marine-biomass&#34;&gt;&lt;/span&gt;
    &lt;a href=&#34;#marine-biomass&#34; class=&#34;subheading-anchor&#34; aria-label=&#34;Permalink for this section&#34;&gt;&lt;/a&gt;&lt;/h3&gt;&lt;p&gt;Marine biomass, such as algae, can be converted into biofuels or used to generate electricity.&lt;/p&gt;
&lt;p&gt;Harnessing energy from the sea has a number of advantages. It is a renewable source of energy, so it does not produce greenhouse gases or other pollutants. It is also a reliable source of energy, as the tides, waves, and ocean currents are predictable.&lt;/p&gt;
&lt;p&gt;However, harnessing energy from the sea also has some challenges.&lt;/p&gt;
&lt;ol&gt;
&lt;li&gt;
&lt;p&gt;One challenge is that the technologies for harnessing ocean energy are still in their early stages of development.&lt;/p&gt;
&lt;/li&gt;
&lt;li&gt;
&lt;p&gt;Another challenge is that the oceans are a harsh environment, so the technologies for harnessing ocean energy must be able to withstand high winds, waves, and currents.&lt;/p&gt;
&lt;/li&gt;
&lt;/ol&gt;
&lt;p&gt;Despite the challenges, there is a growing interest in harnessing energy from the sea. As the technologies for harnessing ocean energy continue to develop and become more cost-effective, we can expect to see more ocean energy projects being developed in the future.&lt;/p&gt;

      </description>
    </item>
    
    <item>
      <title>Tidal power stations</title>
      <link>https://anirbanmarine.in/docs/partc/em301/marineres/power/tidalpower/</link>
      <pubDate>Mon, 01 Jan 0001 00:00:00 +0000</pubDate>
      
      <guid>https://anirbanmarine.in/docs/partc/em301/marineres/power/tidalpower/</guid>
      <description>
        
        
        &lt;p&gt;Tidal power stations are a type of renewable energy power station that harnesses the energy of the tides to generate electricity. The tides are caused by the gravitational pull of the moon and the sun on the Earth&amp;rsquo;s oceans. Tidal power stations are typically built in coastal areas where the tides are strong.&lt;/p&gt;
&lt;h2&gt;How tidal power stations work&lt;span class=&#34;absolute -mt-20&#34; id=&#34;how-tidal-power-stations-work&#34;&gt;&lt;/span&gt;
    &lt;a href=&#34;#how-tidal-power-stations-work&#34; class=&#34;subheading-anchor&#34; aria-label=&#34;Permalink for this section&#34;&gt;&lt;/a&gt;&lt;/h2&gt;&lt;p&gt;Tidal power stations use turbines to generate electricity from the movement of the tides. The turbines are typically installed in a barrage or dam that is built across a tidal estuary. The barrage or dam creates a difference in water levels between the two sides. When the tide comes in, the water level on one side of the barrage or dam rises. This creates a flow of water through the turbines, which generates electricity. When the tide goes out, the water level on the other side of the barrage or dam rises. This creates a flow of water through the turbines in the opposite direction, which also generates electricity.&lt;/p&gt;
&lt;h2&gt;Types of tidal power stations&lt;span class=&#34;absolute -mt-20&#34; id=&#34;types-of-tidal-power-stations&#34;&gt;&lt;/span&gt;
    &lt;a href=&#34;#types-of-tidal-power-stations&#34; class=&#34;subheading-anchor&#34; aria-label=&#34;Permalink for this section&#34;&gt;&lt;/a&gt;&lt;/h2&gt;&lt;p&gt;There are two main types of tidal power stations:&lt;/p&gt;
&lt;h3&gt;Tidal barrages:&lt;span class=&#34;absolute -mt-20&#34; id=&#34;tidal-barrages&#34;&gt;&lt;/span&gt;
    &lt;a href=&#34;#tidal-barrages&#34; class=&#34;subheading-anchor&#34; aria-label=&#34;Permalink for this section&#34;&gt;&lt;/a&gt;&lt;/h3&gt;&lt;p&gt;Tidal barrages are dams that are built across a tidal estuary. The barrage creates a difference in water levels between the two sides of the barrage. When the tide comes in, the water level on one side of the barrage rises. This creates a flow of water through the turbines in the barrage, which generates electricity. When the tide goes out, the water level on the other side of the barrage rises. This creates a flow of water through the turbines in the barrage in the opposite direction, which also generates electricity.&lt;/p&gt;
&lt;h3&gt;Tidal turbines:&lt;span class=&#34;absolute -mt-20&#34; id=&#34;tidal-turbines&#34;&gt;&lt;/span&gt;
    &lt;a href=&#34;#tidal-turbines&#34; class=&#34;subheading-anchor&#34; aria-label=&#34;Permalink for this section&#34;&gt;&lt;/a&gt;&lt;/h3&gt;&lt;p&gt;Tidal turbines are similar to wind turbines, but they are installed in the water instead of on land. Tidal turbines are typically installed in areas where the tides are strong, such as in tidal channels and straits. When the tide comes in, the water flows through the tidal turbines, which generates electricity. When the tide goes out, the water flows through the tidal turbines in the opposite direction, which also generates electricity.&lt;/p&gt;
&lt;h2&gt;Advantages of tidal power stations&lt;span class=&#34;absolute -mt-20&#34; id=&#34;advantages-of-tidal-power-stations&#34;&gt;&lt;/span&gt;
    &lt;a href=&#34;#advantages-of-tidal-power-stations&#34; class=&#34;subheading-anchor&#34; aria-label=&#34;Permalink for this section&#34;&gt;&lt;/a&gt;&lt;/h2&gt;&lt;p&gt;Tidal power stations have a number of advantages, including:&lt;/p&gt;
&lt;h3&gt;Renewable energy:&lt;span class=&#34;absolute -mt-20&#34; id=&#34;renewable-energy&#34;&gt;&lt;/span&gt;
    &lt;a href=&#34;#renewable-energy&#34; class=&#34;subheading-anchor&#34; aria-label=&#34;Permalink for this section&#34;&gt;&lt;/a&gt;&lt;/h3&gt;&lt;p&gt;Tidal power is a renewable source of energy, so it does not produce greenhouse gases or other pollutants.&lt;/p&gt;
&lt;h3&gt;Reliable energy:&lt;span class=&#34;absolute -mt-20&#34; id=&#34;reliable-energy&#34;&gt;&lt;/span&gt;
    &lt;a href=&#34;#reliable-energy&#34; class=&#34;subheading-anchor&#34; aria-label=&#34;Permalink for this section&#34;&gt;&lt;/a&gt;&lt;/h3&gt;&lt;p&gt;Tidal power is a reliable source of energy, as the tides are predictable.&lt;/p&gt;
&lt;h3&gt;Low operating costs:&lt;span class=&#34;absolute -mt-20&#34; id=&#34;low-operating-costs&#34;&gt;&lt;/span&gt;
    &lt;a href=&#34;#low-operating-costs&#34; class=&#34;subheading-anchor&#34; aria-label=&#34;Permalink for this section&#34;&gt;&lt;/a&gt;&lt;/h3&gt;&lt;p&gt;Tidal power stations have low operating costs, as they do not require any fuel to generate electricity.&lt;/p&gt;
&lt;h2&gt;Disadvantages of tidal power stations&lt;span class=&#34;absolute -mt-20&#34; id=&#34;disadvantages-of-tidal-power-stations&#34;&gt;&lt;/span&gt;
    &lt;a href=&#34;#disadvantages-of-tidal-power-stations&#34; class=&#34;subheading-anchor&#34; aria-label=&#34;Permalink for this section&#34;&gt;&lt;/a&gt;&lt;/h2&gt;&lt;p&gt;Tidal power stations also have some disadvantages, including:&lt;/p&gt;
&lt;h3&gt;High capital costs:&lt;span class=&#34;absolute -mt-20&#34; id=&#34;high-capital-costs&#34;&gt;&lt;/span&gt;
    &lt;a href=&#34;#high-capital-costs&#34; class=&#34;subheading-anchor&#34; aria-label=&#34;Permalink for this section&#34;&gt;&lt;/a&gt;&lt;/h3&gt;&lt;p&gt;Tidal power stations are expensive to build.&lt;/p&gt;
&lt;h3&gt;Environmental impact:&lt;span class=&#34;absolute -mt-20&#34; id=&#34;environmental-impact&#34;&gt;&lt;/span&gt;
    &lt;a href=&#34;#environmental-impact&#34; class=&#34;subheading-anchor&#34; aria-label=&#34;Permalink for this section&#34;&gt;&lt;/a&gt;&lt;/h3&gt;&lt;p&gt;Tidal power stations can have a negative impact on the environment, as they can disrupt the natural flow of the tides and damage marine ecosystems.&lt;/p&gt;
&lt;h2&gt;Conclusion&lt;span class=&#34;absolute -mt-20&#34; id=&#34;conclusion&#34;&gt;&lt;/span&gt;
    &lt;a href=&#34;#conclusion&#34; class=&#34;subheading-anchor&#34; aria-label=&#34;Permalink for this section&#34;&gt;&lt;/a&gt;&lt;/h2&gt;&lt;p&gt;Tidal power stations are a promising renewable energy technology with the potential to generate a significant amount of electricity. However, tidal power stations are expensive to build and can have a negative impact on the environment. As the technology for tidal power continues to develop and become more cost-effective, we can expect to see more tidal power stations being built in the future.&lt;/p&gt;

      </description>
    </item>
    
  </channel>
</rss>
