<rss version="2.0" xmlns:atom="http://www.w3.org/2005/Atom">
  <channel>
    <title>Study Extra Master – EM301 Marine Environment and Ocean Governance</title>
    <link>https://anirbanmarine.in/docs/partc/em301/</link>
    <description>Recent content in EM301 Marine Environment and Ocean Governance on Study Extra Master</description>
    <generator>Hugo -- gohugo.io</generator>
    <language>en-us</language>
    
	  <atom:link href="https://anirbanmarine.in/docs/partc/em301/index.xml" rel="self" type="application/rss+xml" />
    
    
      
        
      
    
    
    <item>
      <title>Earth&#39;s tides</title>
      <link>https://anirbanmarine.in/docs/partc/em301/tides/</link>
      <pubDate>Mon, 01 Jan 0001 00:00:00 +0000</pubDate>
      
      <guid>https://anirbanmarine.in/docs/partc/em301/tides/</guid>
      <description>
        
        
        &lt;ol&gt;
&lt;li&gt;General knowledge of tides(https://anirbanmarine.in/docs/partc/em301/tides/gktides/)&lt;/li&gt;
&lt;li&gt;Classification of Tides(https://anirbanmarine.in/docs/partc/em301/tides/typoftides/)&lt;/li&gt;
&lt;li&gt;Determination of mean sea level(https://anirbanmarine.in/docs/partc/em301/tides/msl/)&lt;/li&gt;
&lt;li&gt;Establishment of datums(https://anirbanmarine.in/docs/partc/em301/tides/datums/)&lt;/li&gt;
&lt;li&gt;The use of co-Tidal charts(https://anirbanmarine.in/docs/partc/em301/tides/cotidal/)&lt;/li&gt;
&lt;li&gt;Tidal streams ,currents and their measurement.&lt;/li&gt;
&lt;/ol&gt;

      </description>
    </item>
    
    <item>
      <title>Geology and Oceanography</title>
      <link>https://anirbanmarine.in/docs/partc/em301/oceanogeo/</link>
      <pubDate>Mon, 01 Jan 0001 00:00:00 +0000</pubDate>
      
      <guid>https://anirbanmarine.in/docs/partc/em301/oceanogeo/</guid>
      <description>
        
        
        &lt;ol&gt;
&lt;li&gt;&lt;a href=&#34;https://anirbanmarine.in/docs/partc/em301/oceanogeo/earthintro/&#34; &gt;The Earth-its status and  Earth&amp;rsquo;s-interior-age&lt;/a&gt;&lt;/li&gt;
&lt;li&gt;&lt;a href=&#34;https://anirbanmarine.in/docs/partc/em301/oceanogeo/actgeo/&#34; &gt;Active geological processes (volcanoes,earthquakes, erosion, glaciations&lt;/a&gt;&lt;/li&gt;
&lt;li&gt;&lt;a href=&#34;https://anirbanmarine.in/docs/partc/em301/oceanogeo/rocks/&#34; &gt;Genesis of rocks, types of rocks,distribution of rocks in the continents and oceans.&lt;/a&gt;&lt;/li&gt;
&lt;li&gt;&lt;a href=&#34;https://anirbanmarine.in/docs/partc/em301/oceanogeo/tectonics/&#34; &gt;Plate tectonic model- critical assessment of various views&lt;/a&gt;&lt;/li&gt;
&lt;li&gt;&lt;a href=&#34;https://anirbanmarine.in/docs/partc/em301/oceanogeo/bathy/&#34; &gt;Bathymetric studies in understanding the oceans- PDR, SOPAR.&lt;/a&gt;&lt;/li&gt;
&lt;li&gt;&lt;a href=&#34;https://anirbanmarine.in/docs/partc/em301/oceanogeo/mohole/&#34; &gt;Mohole project.&lt;/a&gt;&lt;/li&gt;
&lt;li&gt;&lt;a href=&#34;https://anirbanmarine.in/docs/partc/em301/oceanogeo/satlas/&#34; &gt;Preparation of submarine atlas: oceanic features (contain shelf-floor slope ridges. oceanic sedimentation. and 			understanding ol&amp;rsquo; modern terminology);&lt;/a&gt;&lt;/li&gt;
&lt;li&gt;&lt;a href=&#34;https://anirbanmarine.in/docs/partc/em301/oceanogeo/seas/&#34; &gt;General characteristics of the seas, bottom topography. coastline and beaches&lt;/a&gt;&lt;/li&gt;
&lt;li&gt;&lt;a href=&#34;https://anirbanmarine.in/docs/partc/em301/oceanogeo/seawater/&#34; &gt;Physical properties of seawater, light penetration and colour of the sea&lt;/a&gt;&lt;/li&gt;
&lt;li&gt;&lt;a href=&#34;https://anirbanmarine.in/docs/partc/em301/oceanogeo/heatbudget/&#34; &gt;Heat budget of the oceans.&lt;/a&gt;&lt;/li&gt;
&lt;li&gt;&lt;a href=&#34;https://anirbanmarine.in/docs/partc/em301/oceanogeo/watermass/&#34; &gt;Distribution of salinity,temperature and density, water masses&lt;/a&gt;&lt;/li&gt;
&lt;li&gt;&lt;a href=&#34;https://anirbanmarine.in/docs/partc/em301/oceanogeo/oceancurr/&#34; &gt;Causes of ocean currents,surface&amp;amp; sub-surface circulation&lt;/a&gt;&lt;/li&gt;
&lt;li&gt;&lt;a href=&#34;https://anirbanmarine.in/docs/partc/em301/oceanogeo/ice/&#34; &gt;Ice formation and decay, distribution and movement of ice&lt;/a&gt;&lt;/li&gt;
&lt;/ol&gt;

      </description>
    </item>
    
    <item>
      <title>Hydrographic Surveying</title>
      <link>https://anirbanmarine.in/docs/partc/em301/hydrosurv/</link>
      <pubDate>Mon, 01 Jan 0001 00:00:00 +0000</pubDate>
      
      <guid>https://anirbanmarine.in/docs/partc/em301/hydrosurv/</guid>
      <description>
        
        
        &lt;ul&gt;
&lt;li&gt;&lt;a href=&#34;https://anirbanmarine.in/docs/partc/em301/hydrosurv/bashydro/&#34; &gt;Basic techniques of  Hydrographic Surveying &lt;/a&gt;&lt;/li&gt;
&lt;li&gt;&lt;a href=&#34;https://anirbanmarine.in/docs/partc/em301/hydrosurv/control/&#34; &gt;Control of Hydrographic Surveying&lt;/a&gt;&lt;/li&gt;
&lt;li&gt;&lt;a href=&#34;https://anirbanmarine.in/docs/partc/em301/hydrosurv/posfix/&#34; &gt;Position fixing including use of short-range high accuracy radio signals.&lt;/a&gt;&lt;/li&gt;
&lt;li&gt;&lt;a href=&#34;https://anirbanmarine.in/docs/partc/em301/hydrosurv/nchart/&#34; &gt;Theory of preparation of Navigational Charts.&lt;/a&gt;&lt;/li&gt;
&lt;/ul&gt;

      </description>
    </item>
    
    <item>
      <title>International Conventions</title>
      <link>https://anirbanmarine.in/docs/partc/em301/intconv/</link>
      <pubDate>Mon, 01 Jan 0001 00:00:00 +0000</pubDate>
      
      <guid>https://anirbanmarine.in/docs/partc/em301/intconv/</guid>
      <description>
        
        
        &lt;h2&gt;Contents&lt;span class=&#34;absolute -mt-20&#34; id=&#34;contents&#34;&gt;&lt;/span&gt;
    &lt;a href=&#34;#contents&#34; class=&#34;subheading-anchor&#34; aria-label=&#34;Permalink for this section&#34;&gt;&lt;/a&gt;&lt;/h2&gt;&lt;ul&gt;
&lt;li&gt;&lt;a href=&#34;https://anirbanmarine.in/docs/partc/em301/intconv/unhe/&#34; &gt; United Nations Convention on Human Environment,1972.&lt;/a&gt;&lt;/li&gt;
&lt;li&gt;&lt;a href=&#34;https://anirbanmarine.in/docs/partc/em301/intconv/unepcont/&#34; &gt; United Nations Environment Programme UNEP.&lt;/a&gt;&lt;/li&gt;
&lt;li&gt;&lt;a href=&#34;https://anirbanmarine.in/docs/partc/em301/intconv/londondump1972/&#34; &gt; United Nations Convention on prevention of Marine Pollution by dumping of wastes or other matter (London dumping convention).&lt;/a&gt;&lt;/li&gt;
&lt;li&gt;&lt;a href=&#34;https://anirbanmarine.in/docs/partc/em301/intconv/unclos/&#34; &gt; United Nations Convention on Law of the Seas. 1982 (UNCLOS).&lt;/a&gt;&lt;/li&gt;
&lt;li&gt;&lt;a href=&#34;https://anirbanmarine.in/docs/partc/em301/intconv/baselconv/&#34; &gt; Basel Convention on the control of Transboundary Movement of Hazardous Wastes and their Disposal, l989 (Basel Convention)&lt;/a&gt;&lt;/li&gt;
&lt;li&gt;&lt;a href=&#34;https://anirbanmarine.in/docs/partc/em301/intconv/unced/&#34; &gt; United Nations Convention on Environment and Development,1992 (Earth Summit)&lt;/a&gt;&lt;/li&gt;
&lt;li&gt;&lt;a href=&#34;https://anirbanmarine.in/docs/partc/em301/intconv/agenda_21/&#34; &gt; Agenda 21&lt;/a&gt;&lt;/li&gt;
&lt;li&gt;&lt;a href=&#34;https://anirbanmarine.in/docs/partc/em301/intconv/unconvbiodiversity/&#34; &gt; United Nations Convention on Biological Diversity, 1992; &lt;/a&gt;&lt;/li&gt;
&lt;li&gt;&lt;a href=&#34;https://anirbanmarine.in/docs/partc/em301/intconv/unfccc/&#34; &gt; United Nations Framework Convention on Climate change. 1992 (UNFCC); &lt;/a&gt;&lt;/li&gt;
&lt;li&gt;&lt;a href=&#34;https://anirbanmarine.in/docs/partc/em301/intconv/kyotoproto/&#34; &gt; UNFCC. Kyoto protocol. 1997.&lt;/a&gt;&lt;/li&gt;
&lt;li&gt;&lt;a href=&#34;https://anirbanmarine.in/docs/partc/em301/intconv/rio+10_20/&#34; &gt; 2002 &amp;amp;2012 Earth Summit on Sustainable Development (Rio +10 and Rio +20);&lt;/a&gt;&lt;/li&gt;
&lt;li&gt;&lt;a href=&#34;https://anirbanmarine.in/docs/partc/em301/intconv/csd1992/&#34; &gt; Commission on Sustainable development: Global Environment Facility (GEF);&lt;/a&gt;&lt;/li&gt;
&lt;li&gt;&lt;a href=&#34;https://anirbanmarine.in/docs/partc/em301/intconv/rsparis2015/&#34; &gt; Paris 2015: Regional Seas Programme; &lt;/a&gt;&lt;/li&gt;
&lt;li&gt;&lt;a href=&#34;https://anirbanmarine.in/docs/partc/em301/intconv/bbnj/&#34; &gt; Intergovernmental Conference on biological diversity beyond national jurisdiction2023.(BBNJ)&lt;/a&gt;&lt;/li&gt;
&lt;/ul&gt;

      </description>
    </item>
    
    <item>
      <title>Marine Resources</title>
      <link>https://anirbanmarine.in/docs/partc/em301/marineres/</link>
      <pubDate>Mon, 01 Jan 0001 00:00:00 +0000</pubDate>
      
      <guid>https://anirbanmarine.in/docs/partc/em301/marineres/</guid>
      <description>
        
        
        &lt;ol&gt;
&lt;li&gt;&lt;a href=&#34;https://anirbanmarine.in/docs/partc/em301/marineres/marfish/&#34; &gt;Fishing&lt;/a&gt;&lt;/li&gt;
&lt;li&gt;&lt;a href=&#34;https://anirbanmarine.in/docs/partc/em301/marineres/minerals/&#34; &gt;Minerals&lt;/a&gt;&lt;/li&gt;
&lt;li&gt;&lt;a href=&#34;https://anirbanmarine.in/docs/partc/em301/marineres/oilngas/&#34; &gt;Oil and Gas&lt;/a&gt;&lt;/li&gt;
&lt;li&gt;&lt;a href=&#34;https://anirbanmarine.in/docs/partc/em301/marineres/power/&#34; &gt;Power&lt;/a&gt;&lt;/li&gt;
&lt;/ol&gt;

      </description>
    </item>
    
    <item>
      <title>Meteorology</title>
      <link>https://anirbanmarine.in/docs/partc/em301/meteorology/</link>
      <pubDate>Mon, 01 Jan 0001 00:00:00 +0000</pubDate>
      
      <guid>https://anirbanmarine.in/docs/partc/em301/meteorology/</guid>
      <description>
        
        
        &lt;h2&gt;Contents&lt;span class=&#34;absolute -mt-20&#34; id=&#34;contents&#34;&gt;&lt;/span&gt;
    &lt;a href=&#34;#contents&#34; class=&#34;subheading-anchor&#34; aria-label=&#34;Permalink for this section&#34;&gt;&lt;/a&gt;&lt;/h2&gt;&lt;ul&gt;
&lt;li&gt;
&lt;p&gt;&lt;a href=&#34;https://anirbanmarine.in/docs/partc/em301/meteorology/metobs/&#34; &gt;Meteorological Observing Systems -conventional and recent systems&lt;/a&gt;&lt;/p&gt;
&lt;/li&gt;
&lt;li&gt;
&lt;p&gt;&lt;a href=&#34;https://anirbanmarine.in/docs/partc/em301/meteorology/wind_effects/&#34; &gt;Wind effects&lt;/a&gt;&lt;/p&gt;
&lt;ul&gt;
&lt;li&gt;Divergence&lt;/li&gt;
&lt;li&gt;Convergence.&lt;/li&gt;
&lt;li&gt;Diffluence.&lt;/li&gt;
&lt;li&gt;Confluence.&lt;/li&gt;
&lt;li&gt;Vorticity.&lt;/li&gt;
&lt;li&gt;Coriolis and centrifugal effects balance motion.&lt;/li&gt;
&lt;li&gt;Geostropic and gradient wind.&lt;/li&gt;
&lt;li&gt;Cyclostrophic wind.&lt;/li&gt;
&lt;li&gt;Elemcntary ideas of general circulation and jet streams.&lt;/li&gt;
&lt;/ul&gt;
&lt;/li&gt;
&lt;li&gt;
&lt;p&gt;&lt;a href=&#34;https://anirbanmarine.in/docs/partc/em301/meteorology/cyclones/&#34; &gt;cyclonic storms&lt;/a&gt;&lt;/p&gt;
&lt;ul&gt;
&lt;li&gt;formation intensification,movement and weakening&lt;/li&gt;
&lt;/ul&gt;
&lt;/li&gt;
&lt;li&gt;
&lt;p&gt;methods of cyclone forecasting;&lt;/p&gt;
&lt;ul&gt;
&lt;li&gt;cyclone warning bulletins of merchant ships&lt;/li&gt;
&lt;/ul&gt;
&lt;/li&gt;
&lt;li&gt;
&lt;p&gt;&lt;a href=&#34;https://anirbanmarine.in/docs/partc/em301/meteorology/el-nino/&#34; &gt;el-nino and  la-nina&lt;/a&gt;&lt;/p&gt;
&lt;/li&gt;
&lt;/ul&gt;

      </description>
    </item>
    
    <item>
      <title>Ocean Governance</title>
      <link>https://anirbanmarine.in/docs/partc/em301/oceangov/</link>
      <pubDate>Mon, 01 Jan 0001 00:00:00 +0000</pubDate>
      
      <guid>https://anirbanmarine.in/docs/partc/em301/oceangov/</guid>
      <description>
        
        
        &lt;ul&gt;
&lt;li&gt;&lt;a href=&#34;https://anirbanmarine.in/docs/partc/em301/oceangov/defoceangov/&#34; &gt;Ocean governance&lt;/a&gt;&lt;/li&gt;
&lt;li&gt;&lt;a href=&#34;https://anirbanmarine.in/docs/partc/em301/oceangov/abnj/&#34; &gt;ABNJ -conservation and resources under ABNJ&lt;/a&gt;&lt;/li&gt;
&lt;li&gt;&lt;a href=&#34;https://anirbanmarine.in/docs/partc/em301/oceangov/unfsa/&#34; &gt;UN agreement on conservation and management of Straddling Fish Stocks and Highly Migratory Fish Stocks.&lt;/a&gt;&lt;/li&gt;
&lt;li&gt;&lt;a href=&#34;https://anirbanmarine.in/docs/partc/em301/oceangov/ccrf/&#34; &gt;FAO code of conduct of Responsible Fisheries.&lt;/a&gt;&lt;/li&gt;
&lt;li&gt;&lt;a href=&#34;https://anirbanmarine.in/docs/partc/em301/intconv/bbnj/&#34; &gt;BBNJ&lt;/a&gt;&lt;/li&gt;
&lt;li&gt;&lt;a href=&#34;https://anirbanmarine.in/docs/partc/em301/oceangov/isa/&#34; &gt;International Seabed Authority&lt;/a&gt;&lt;/li&gt;
&lt;li&gt;&lt;a href=&#34;https://anirbanmarine.in/docs/partc/em301/oceangov/clcs/&#34; &gt;Commission on the limits of the continental shelf.&lt;/a&gt;&lt;/li&gt;
&lt;li&gt;&lt;a href=&#34;https://anirbanmarine.in/docs/partc/em301/oceangov/sdev/&#34; &gt;Sustainable development.&lt;/a&gt;&lt;/li&gt;
&lt;/ul&gt;

      </description>
    </item>
    
    <item>
      <title>Satellite Meteorology</title>
      <link>https://anirbanmarine.in/docs/partc/em301/satmet/</link>
      <pubDate>Mon, 01 Jan 0001 00:00:00 +0000</pubDate>
      
      <guid>https://anirbanmarine.in/docs/partc/em301/satmet/</guid>
      <description>
        
        
        &lt;h2&gt;Contents&lt;span class=&#34;absolute -mt-20&#34; id=&#34;contents&#34;&gt;&lt;/span&gt;
    &lt;a href=&#34;#contents&#34; class=&#34;subheading-anchor&#34; aria-label=&#34;Permalink for this section&#34;&gt;&lt;/a&gt;&lt;/h2&gt;&lt;ol&gt;
&lt;li&gt;&lt;a href=&#34;https://anirbanmarine.in/docs/partc/em301/satmet/satmethistory/&#34; &gt;Historical development.&lt;/a&gt;&lt;/li&gt;
&lt;li&gt;&lt;a href=&#34;https://anirbanmarine.in/docs/partc/em301/satmet/ismp/&#34; &gt;Indian programme.&lt;/a&gt;&lt;/li&gt;
&lt;li&gt;&lt;a href=&#34;https://anirbanmarine.in/docs/partc/em301/satmet/rsense/&#34; &gt;Remote sensing techniques.&lt;/a&gt;&lt;/li&gt;
&lt;li&gt;&lt;a href=&#34;https://anirbanmarine.in/docs/partc/em301/satmet/vandirchannels/&#34; &gt;Visual and infra-red Channels.&lt;/a&gt;&lt;/li&gt;
&lt;li&gt;&lt;a href=&#34;https://anirbanmarine.in/docs/partc/em301/satmet/synclouds/&#34; &gt;Synoptic cloud patterns and their interpretation.&lt;/a&gt;&lt;/li&gt;
&lt;li&gt;&lt;a href=&#34;https://anirbanmarine.in/docs/partc/em301/satmet/sattropic/&#34; &gt;Application of satellite data for tropical storm analysis.&lt;/a&gt;&lt;/li&gt;
&lt;li&gt;&lt;a href=&#34;https://anirbanmarine.in/docs/partc/em301/satmet/qestsst/&#34; &gt;Quantitative estimation of sea surface temperature.&lt;/a&gt;&lt;/li&gt;
&lt;li&gt;&lt;a href=&#34;https://anirbanmarine.in/docs/partc/em301/satmet/vertprof/&#34; &gt;Vertical profiles of temperature and humidity from satellite pictures.&lt;/a&gt;&lt;/li&gt;
&lt;/ol&gt;

      </description>
    </item>
    
  </channel>
</rss>
