<rss version="2.0" xmlns:atom="http://www.w3.org/2005/Atom">
  <channel>
    <title>Study Extra Master – Marine Resources -Oil and Gas</title>
    <link>https://anirbanmarine.in/docs/partc/em301/marineres/oilngas/</link>
    <description>Recent content in Marine Resources -Oil and Gas on Study Extra Master</description>
    <generator>Hugo -- gohugo.io</generator>
    <language>en-us</language>
    
	  <atom:link href="https://anirbanmarine.in/docs/partc/em301/marineres/oilngas/index.xml" rel="self" type="application/rss+xml" />
    
    
      
        
      
    
    
    <item>
      <title>General Idea of Drilling</title>
      <link>https://anirbanmarine.in/docs/partc/em301/marineres/oilngas/drilling/</link>
      <pubDate>Mon, 01 Jan 0001 00:00:00 +0000</pubDate>
      
      <guid>https://anirbanmarine.in/docs/partc/em301/marineres/oilngas/drilling/</guid>
      <description>
        
        
        &lt;p&gt;Drilling for oil and gas in marine environments is a complex and challenging process. It involves the construction of offshore drilling rigs or platforms, the use of specialized equipment and tools, and the implementation of strict safety and environmental protection measures.&lt;/p&gt;
&lt;h2&gt;General idea on drilling&lt;span class=&#34;absolute -mt-20&#34; id=&#34;general-idea-on-drilling&#34;&gt;&lt;/span&gt;
    &lt;a href=&#34;#general-idea-on-drilling&#34; class=&#34;subheading-anchor&#34; aria-label=&#34;Permalink for this section&#34;&gt;&lt;/a&gt;&lt;/h2&gt;&lt;h3&gt;The first step in drilling for marine resources is to identify a potential drilling location.&lt;span class=&#34;absolute -mt-20&#34; id=&#34;the-first-step-in-drilling-for-marine-resources-is-to-identify-a-potential-drilling-location&#34;&gt;&lt;/span&gt;
    &lt;a href=&#34;#the-first-step-in-drilling-for-marine-resources-is-to-identify-a-potential-drilling-location&#34; class=&#34;subheading-anchor&#34; aria-label=&#34;Permalink for this section&#34;&gt;&lt;/a&gt;&lt;/h3&gt;&lt;p&gt;This is done using a variety of methods, including seismic surveys and geological studies. Once a potential drilling location has been identified, a drilling rig or platform must be constructed.&lt;/p&gt;
&lt;p&gt;Drilling rigs and platforms are large and complex structures that are designed to withstand the harsh conditions of the marine environment. They are also equipped with specialized equipment and tools for drilling wells.&lt;/p&gt;
&lt;h3&gt;Once the drilling rig or platform is in place, a well can be drilled.&lt;span class=&#34;absolute -mt-20&#34; id=&#34;once-the-drilling-rig-or-platform-is-in-place-a-well-can-be-drilled&#34;&gt;&lt;/span&gt;
    &lt;a href=&#34;#once-the-drilling-rig-or-platform-is-in-place-a-well-can-be-drilled&#34; class=&#34;subheading-anchor&#34; aria-label=&#34;Permalink for this section&#34;&gt;&lt;/a&gt;&lt;/h3&gt;&lt;p&gt;The drilling process involves rotating a drill bit into the seabed to create a hole. As the drill bit rotates, it is fed with drilling fluid, which helps to cool the bit and remove cuttings from the hole.&lt;/p&gt;
&lt;p&gt;Once the well has been drilled to the desired depth, it is lined with a steel casing to prevent it from collapsing. The casing is also used to seal off any oil or gas that may be present in the surrounding rock formations.&lt;/p&gt;
&lt;p&gt;Once the well has been cased, it is completed. This involves installing a wellhead and other equipment that will allow oil or gas to be produced from the well.&lt;/p&gt;
&lt;h2&gt;Challenges of drilling for marine resources&lt;span class=&#34;absolute -mt-20&#34; id=&#34;challenges-of-drilling-for-marine-resources&#34;&gt;&lt;/span&gt;
    &lt;a href=&#34;#challenges-of-drilling-for-marine-resources&#34; class=&#34;subheading-anchor&#34; aria-label=&#34;Permalink for this section&#34;&gt;&lt;/a&gt;&lt;/h2&gt;&lt;p&gt;Drilling for oil and gas in marine environments is a challenging process for a number of reasons. One of the biggest challenges is the harsh conditions of the marine environment. Offshore drilling rigs and platforms must be designed to withstand high winds, waves, and currents.&lt;/p&gt;
&lt;p&gt;Another challenge of drilling for marine resources is the depth of the water. Offshore drilling rigs and platforms can operate in water depths of up to 12,000 feet. Drilling in deep water requires the use of specialized equipment and tools.&lt;/p&gt;
&lt;h2&gt;Safety and environmental protection measures&lt;span class=&#34;absolute -mt-20&#34; id=&#34;safety-and-environmental-protection-measures&#34;&gt;&lt;/span&gt;
    &lt;a href=&#34;#safety-and-environmental-protection-measures&#34; class=&#34;subheading-anchor&#34; aria-label=&#34;Permalink for this section&#34;&gt;&lt;/a&gt;&lt;/h2&gt;&lt;p&gt;Safety and environmental protection are top priorities for the offshore drilling industry. Offshore drilling rigs and platforms are equipped with a variety of safety features, such as fire suppression systems and lifeboats.&lt;/p&gt;
&lt;p&gt;The offshore drilling industry also has a number of environmental protection measures in place. For example, drilling rigs and platforms are required to have spill prevention and response plans.&lt;/p&gt;
&lt;p&gt;Conclusion&lt;/p&gt;
&lt;p&gt;Drilling for oil and gas in marine environments is a complex and challenging process. However, it is an essential part of meeting the world&amp;rsquo;s growing energy needs. The offshore drilling industry is committed to safety and environmental protection, and is constantly developing new technologies to improve its operations.&lt;/p&gt;

      </description>
    </item>
    
    <item>
      <title>Pipe Laying including use of Submersibles</title>
      <link>https://anirbanmarine.in/docs/partc/em301/marineres/oilngas/pipelay/</link>
      <pubDate>Mon, 01 Jan 0001 00:00:00 +0000</pubDate>
      
      <guid>https://anirbanmarine.in/docs/partc/em301/marineres/oilngas/pipelay/</guid>
      <description>
        
        
        &lt;h2&gt;Definition:&lt;span class=&#34;absolute -mt-20&#34; id=&#34;definition&#34;&gt;&lt;/span&gt;
    &lt;a href=&#34;#definition&#34; class=&#34;subheading-anchor&#34; aria-label=&#34;Permalink for this section&#34;&gt;&lt;/a&gt;&lt;/h2&gt;&lt;p&gt;Pipe laying is the process of installing pipelines on the seabed or underground. Submersibles are vehicles that can operate underwater. They are used in a variety of tasks, including pipe laying.&lt;/p&gt;
&lt;h2&gt;Types of submersibles used in pipe laying&lt;span class=&#34;absolute -mt-20&#34; id=&#34;types-of-submersibles-used-in-pipe-laying&#34;&gt;&lt;/span&gt;
    &lt;a href=&#34;#types-of-submersibles-used-in-pipe-laying&#34; class=&#34;subheading-anchor&#34; aria-label=&#34;Permalink for this section&#34;&gt;&lt;/a&gt;&lt;/h2&gt;&lt;p&gt;There are two main types of submersibles used in pipe laying:&lt;/p&gt;
&lt;h3&gt;Remotely operated vehicles (ROVs):&lt;span class=&#34;absolute -mt-20&#34; id=&#34;remotely-operated-vehicles-rovs&#34;&gt;&lt;/span&gt;
    &lt;a href=&#34;#remotely-operated-vehicles-rovs&#34; class=&#34;subheading-anchor&#34; aria-label=&#34;Permalink for this section&#34;&gt;&lt;/a&gt;&lt;/h3&gt;&lt;p&gt;ROVs are unmanned submersibles that are controlled from a surface vessel. They are typically used for tasks such as inspection, maintenance, and repair.&lt;/p&gt;
&lt;h3&gt;Manned submersibles:&lt;span class=&#34;absolute -mt-20&#34; id=&#34;manned-submersibles&#34;&gt;&lt;/span&gt;
    &lt;a href=&#34;#manned-submersibles&#34; class=&#34;subheading-anchor&#34; aria-label=&#34;Permalink for this section&#34;&gt;&lt;/a&gt;&lt;/h3&gt;&lt;p&gt;Manned submersibles have a crew that operates the vehicle from inside. They are typically used for tasks that require human intervention, such as pipe laying and welding.&lt;/p&gt;
&lt;h2&gt;How submersibles are used in pipe laying?&lt;span class=&#34;absolute -mt-20&#34; id=&#34;how-submersibles-are-used-in-pipe-laying&#34;&gt;&lt;/span&gt;
    &lt;a href=&#34;#how-submersibles-are-used-in-pipe-laying&#34; class=&#34;subheading-anchor&#34; aria-label=&#34;Permalink for this section&#34;&gt;&lt;/a&gt;&lt;/h2&gt;&lt;p&gt;Submersibles are used in a variety of ways in pipe laying operations. Some of the most common tasks include:&lt;/p&gt;
&lt;ul&gt;
&lt;li&gt;
&lt;p&gt;Inspection:
Submersibles can be used to inspect the seabed before pipe laying begins to identify any potential hazards.&lt;/p&gt;
&lt;/li&gt;
&lt;li&gt;
&lt;p&gt;Preparation: Submersibles can be used to prepare the seabed for pipe laying by clearing away obstacles and leveling the surface.&lt;/p&gt;
&lt;/li&gt;
&lt;li&gt;
&lt;p&gt;Pipe laying: Submersibles can be used to lay pipe on the seabed. This is typically done by using a manipulator arm to attach the pipe to the seabed and then moving the submersible forward.&lt;/p&gt;
&lt;/li&gt;
&lt;li&gt;
&lt;p&gt;Welding: Submersibles can be used to weld the joints between pipe sections.&lt;/p&gt;
&lt;/li&gt;
&lt;li&gt;
&lt;p&gt;Inspection and repair: Submersibles can be used to inspect and repair pipelines after they have been laid.&lt;/p&gt;
&lt;/li&gt;
&lt;/ul&gt;
&lt;h2&gt;Advantages of using submersibles in pipe laying&lt;span class=&#34;absolute -mt-20&#34; id=&#34;advantages-of-using-submersibles-in-pipe-laying&#34;&gt;&lt;/span&gt;
    &lt;a href=&#34;#advantages-of-using-submersibles-in-pipe-laying&#34; class=&#34;subheading-anchor&#34; aria-label=&#34;Permalink for this section&#34;&gt;&lt;/a&gt;&lt;/h2&gt;&lt;p&gt;There are a number of advantages to using submersibles in pipe laying operations, including:&lt;/p&gt;
&lt;ul&gt;
&lt;li&gt;Accuracy: Submersibles can be used to lay pipe very accurately, even in deep water and challenging conditions.&lt;/li&gt;
&lt;li&gt;Flexibility: Submersibles can be used to lay pipe in a variety of environments, including on the seabed, in rivers and lakes, and in underground tunnels.&lt;/li&gt;
&lt;li&gt;Safety: Submersibles can provide a safe way to lay pipe in dangerous environments, such as in areas with strong currents or underwater hazards.&lt;/li&gt;
&lt;/ul&gt;
&lt;p&gt;Conclusion&lt;/p&gt;
&lt;p&gt;Submersibles are a valuable tool for pipe laying operations. They can be used to perform a variety of tasks, including inspection, preparation, pipe laying, welding, and inspection and repair. Submersibles offer a number of advantages over other pipe laying methods, including accuracy, flexibility, and safety.&lt;/p&gt;

      </description>
    </item>
    
    <item>
      <title>Storage Facilities</title>
      <link>https://anirbanmarine.in/docs/partc/em301/marineres/oilngas/storage/</link>
      <pubDate>Mon, 01 Jan 0001 00:00:00 +0000</pubDate>
      
      <guid>https://anirbanmarine.in/docs/partc/em301/marineres/oilngas/storage/</guid>
      <description>
        
        
        &lt;p&gt;There are a variety of storage facilities used for oil and gas, depending on the type of product being stored and the location. Some of the most common types of storage facilities include:&lt;/p&gt;
&lt;h2&gt;Above-ground tanks:&lt;span class=&#34;absolute -mt-20&#34; id=&#34;above-ground-tanks&#34;&gt;&lt;/span&gt;
    &lt;a href=&#34;#above-ground-tanks&#34; class=&#34;subheading-anchor&#34; aria-label=&#34;Permalink for this section&#34;&gt;&lt;/a&gt;&lt;/h2&gt;&lt;p&gt;Above-ground tanks are the most common type of storage tank for oil and gas. They can be made of steel, concrete, or fiberglass, and come in a variety of sizes and shapes. Above-ground tanks are typically used for storing crude oil, refined petroleum products, and natural gas liquids.&lt;/p&gt;
&lt;h2&gt;Underground storage tanks:&lt;span class=&#34;absolute -mt-20&#34; id=&#34;underground-storage-tanks&#34;&gt;&lt;/span&gt;
    &lt;a href=&#34;#underground-storage-tanks&#34; class=&#34;subheading-anchor&#34; aria-label=&#34;Permalink for this section&#34;&gt;&lt;/a&gt;&lt;/h2&gt;&lt;p&gt;Underground storage tanks (USTs) are used to store oil and gas products underground. They are typically made of steel or fiberglass, and are lined with a protective coating to prevent leaks. USTs are typically used to store gasoline, diesel fuel, and heating oil.&lt;/p&gt;
&lt;h2&gt;Caverns:&lt;span class=&#34;absolute -mt-20&#34; id=&#34;caverns&#34;&gt;&lt;/span&gt;
    &lt;a href=&#34;#caverns&#34; class=&#34;subheading-anchor&#34; aria-label=&#34;Permalink for this section&#34;&gt;&lt;/a&gt;&lt;/h2&gt;&lt;p&gt;Caverns are natural or man-made underground chambers that can be used to store oil and gas. Caverns are typically used to store large volumes of crude oil and natural gas. The United States Strategic Petroleum Reserve (SPR), the world&amp;rsquo;s largest supply of emergency crude oil, is stored in underground salt caverns along the coastline of the Gulf of Mexico.&lt;/p&gt;
&lt;h2&gt;LNG tanks:&lt;span class=&#34;absolute -mt-20&#34; id=&#34;lng-tanks&#34;&gt;&lt;/span&gt;
    &lt;a href=&#34;#lng-tanks&#34; class=&#34;subheading-anchor&#34; aria-label=&#34;Permalink for this section&#34;&gt;&lt;/a&gt;&lt;/h2&gt;&lt;p&gt;Liquefied natural gas (LNG) tanks are used to store LNG, which is natural gas that has been cooled to a liquid state. LNG tanks are typically made of steel or concrete, and are insulated to keep the LNG cold. LNG tanks are typically used at LNG terminals and LNG regasification plants.&lt;/p&gt;
&lt;p&gt;In addition to these types of storage facilities, oil and gas can also be stored in tankers and pipelines. Tankers are used to transport oil and gas long distances, and can also be used to store them temporarily. Pipelines are used to transport oil and gas over land, and can also be used to store them temporarily.&lt;/p&gt;
&lt;p&gt;The type of storage facility used for oil and gas will depend on the specific needs of the project. For example, if a large volume of crude oil needs to be stored for a long period of time, a cavern may be the best option. If LNG needs to be stored, an LNG tank may be the best option.&lt;/p&gt;

      </description>
    </item>
    
    <item>
      <title>Types of Drilling Rigs, Drill Ships and Well head Oroduction Platforms</title>
      <link>https://anirbanmarine.in/docs/partc/em301/marineres/oilngas/typesofships/</link>
      <pubDate>Mon, 01 Jan 0001 00:00:00 +0000</pubDate>
      
      <guid>https://anirbanmarine.in/docs/partc/em301/marineres/oilngas/typesofships/</guid>
      <description>
        
        
        &lt;h2&gt;Types of Drilling Rigs&lt;span class=&#34;absolute -mt-20&#34; id=&#34;types-of-drilling-rigs&#34;&gt;&lt;/span&gt;
    &lt;a href=&#34;#types-of-drilling-rigs&#34; class=&#34;subheading-anchor&#34; aria-label=&#34;Permalink for this section&#34;&gt;&lt;/a&gt;&lt;/h2&gt;&lt;h3&gt;Land rigs:&lt;span class=&#34;absolute -mt-20&#34; id=&#34;land-rigs&#34;&gt;&lt;/span&gt;
    &lt;a href=&#34;#land-rigs&#34; class=&#34;subheading-anchor&#34; aria-label=&#34;Permalink for this section&#34;&gt;&lt;/a&gt;&lt;/h3&gt;&lt;p&gt;Land rigs are the most common type of drilling rig, and can be used to drill wells in a variety of locations, including deserts, forests, and mountains.&lt;/p&gt;
&lt;h3&gt;Drilling barges:&lt;span class=&#34;absolute -mt-20&#34; id=&#34;drilling-barges&#34;&gt;&lt;/span&gt;
    &lt;a href=&#34;#drilling-barges&#34; class=&#34;subheading-anchor&#34; aria-label=&#34;Permalink for this section&#34;&gt;&lt;/a&gt;&lt;/h3&gt;&lt;p&gt;Drilling barges are used to drill wells in shallow water, typically less than 300 feet deep.&lt;/p&gt;
&lt;h3&gt;Jack-up rigs:&lt;span class=&#34;absolute -mt-20&#34; id=&#34;jack-up-rigs&#34;&gt;&lt;/span&gt;
    &lt;a href=&#34;#jack-up-rigs&#34; class=&#34;subheading-anchor&#34; aria-label=&#34;Permalink for this section&#34;&gt;&lt;/a&gt;&lt;/h3&gt;&lt;p&gt;Jack-up rigs are used to drill wells in water depths of up to 400 feet. They have legs that can be raised or lowered to elevate the rig above the waterline.&lt;/p&gt;
&lt;h3&gt;Semi-submersible rigs:&lt;span class=&#34;absolute -mt-20&#34; id=&#34;semi-submersible-rigs&#34;&gt;&lt;/span&gt;
    &lt;a href=&#34;#semi-submersible-rigs&#34; class=&#34;subheading-anchor&#34; aria-label=&#34;Permalink for this section&#34;&gt;&lt;/a&gt;&lt;/h3&gt;&lt;p&gt;Semi-submersible rigs are used to drill wells in deep water, typically up to 3,000 feet deep. They have a floating hull with columns and pontoons that keep the rig stable.&lt;/p&gt;
&lt;h3&gt;Drillships:&lt;span class=&#34;absolute -mt-20&#34; id=&#34;drillships&#34;&gt;&lt;/span&gt;
    &lt;a href=&#34;#drillships&#34; class=&#34;subheading-anchor&#34; aria-label=&#34;Permalink for this section&#34;&gt;&lt;/a&gt;&lt;/h3&gt;&lt;p&gt;Drillships are used to drill wells in ultra-deep water, up to 12,000 feet deep. They are similar to semi-submersible rigs, but they have a more streamlined design and are more maneuverable.&lt;/p&gt;
&lt;h2&gt;Types of Drill Ships&lt;span class=&#34;absolute -mt-20&#34; id=&#34;types-of-drill-ships&#34;&gt;&lt;/span&gt;
    &lt;a href=&#34;#types-of-drill-ships&#34; class=&#34;subheading-anchor&#34; aria-label=&#34;Permalink for this section&#34;&gt;&lt;/a&gt;&lt;/h2&gt;&lt;p&gt;Drill ships can be divided into two main categories: monohull and semisubmersible.&lt;/p&gt;
&lt;h3&gt;Monohull&lt;span class=&#34;absolute -mt-20&#34; id=&#34;monohull&#34;&gt;&lt;/span&gt;
    &lt;a href=&#34;#monohull&#34; class=&#34;subheading-anchor&#34; aria-label=&#34;Permalink for this section&#34;&gt;&lt;/a&gt;&lt;/h3&gt;&lt;p&gt;drill ships have a single hull, similar to a conventional ship. They are typically used in shallower water depths, up to 2,000 feet.&lt;/p&gt;
&lt;h3&gt;Semisubmersible&lt;span class=&#34;absolute -mt-20&#34; id=&#34;semisubmersible&#34;&gt;&lt;/span&gt;
    &lt;a href=&#34;#semisubmersible&#34; class=&#34;subheading-anchor&#34; aria-label=&#34;Permalink for this section&#34;&gt;&lt;/a&gt;&lt;/h3&gt;&lt;p&gt;drill ships have a floating hull with columns and pontoons that keep the rig stable. They are used in deeper water depths, up to 12,000 feet.&lt;/p&gt;
&lt;h2&gt;Types of Wellhead Production Platforms&lt;span class=&#34;absolute -mt-20&#34; id=&#34;types-of-wellhead-production-platforms&#34;&gt;&lt;/span&gt;
    &lt;a href=&#34;#types-of-wellhead-production-platforms&#34; class=&#34;subheading-anchor&#34; aria-label=&#34;Permalink for this section&#34;&gt;&lt;/a&gt;&lt;/h2&gt;&lt;h3&gt;Fixed platforms:&lt;span class=&#34;absolute -mt-20&#34; id=&#34;fixed-platforms&#34;&gt;&lt;/span&gt;
    &lt;a href=&#34;#fixed-platforms&#34; class=&#34;subheading-anchor&#34; aria-label=&#34;Permalink for this section&#34;&gt;&lt;/a&gt;&lt;/h3&gt;&lt;p&gt;Fixed platforms are permanently attached to the seabed. They are typically used in shallow water depths, up to 300 feet deep.&lt;/p&gt;
&lt;h3&gt;Tension leg platforms (TLPs):&lt;span class=&#34;absolute -mt-20&#34; id=&#34;tension-leg-platforms-tlps&#34;&gt;&lt;/span&gt;
    &lt;a href=&#34;#tension-leg-platforms-tlps&#34; class=&#34;subheading-anchor&#34; aria-label=&#34;Permalink for this section&#34;&gt;&lt;/a&gt;&lt;/h3&gt;&lt;p&gt;TLPs are floating platforms that are tethered to the seabed by tension legs. They are used in deeper water depths, up to 3,000 feet deep.&lt;/p&gt;
&lt;h3&gt;Spar platforms:&lt;span class=&#34;absolute -mt-20&#34; id=&#34;spar-platforms&#34;&gt;&lt;/span&gt;
    &lt;a href=&#34;#spar-platforms&#34; class=&#34;subheading-anchor&#34; aria-label=&#34;Permalink for this section&#34;&gt;&lt;/a&gt;&lt;/h3&gt;&lt;p&gt;Spar platforms are floating platforms that are held in place by a single, large cylinder. They are used in ultra-deep water depths, up to 10,000 feet deep.&lt;/p&gt;
&lt;p&gt;Which type of drilling rig, drill ship, or wellhead production platform is used depends on the water depth and the specific requirements of the project.&lt;/p&gt;
&lt;p&gt;For example, if a well is being drilled in shallow water, a jack-up rig or drilling barge may be used. If a well is being drilled in deep water, a semi-submersible rig or drillship may be used. If a well is being drilled in ultra-deep water, a drillship or spar platform may be used.&lt;/p&gt;
&lt;p&gt;Similarly, the type of wellhead production platform used will depend on the water depth and the specific requirements of the project. For example, if a production platform is being installed in shallow water, a fixed platform may be used. If a production platform is being installed in deep water, a TLP or spar platform may be used.&lt;/p&gt;

      </description>
    </item>
    
    <item>
      <title>Types of Terminals</title>
      <link>https://anirbanmarine.in/docs/partc/em301/marineres/oilngas/terminaltypes/</link>
      <pubDate>Mon, 01 Jan 0001 00:00:00 +0000</pubDate>
      
      <guid>https://anirbanmarine.in/docs/partc/em301/marineres/oilngas/terminaltypes/</guid>
      <description>
        
        
        &lt;p&gt;There are three main types of sea terminals:&lt;/p&gt;
&lt;h2&gt;General cargo terminals:&lt;span class=&#34;absolute -mt-20&#34; id=&#34;general-cargo-terminals&#34;&gt;&lt;/span&gt;
    &lt;a href=&#34;#general-cargo-terminals&#34; class=&#34;subheading-anchor&#34; aria-label=&#34;Permalink for this section&#34;&gt;&lt;/a&gt;&lt;/h2&gt;&lt;p&gt;These terminals handle a variety of types of cargo, including break-bulk cargo (such as machinery and vehicles), neo-bulk cargo (such as grain and forest products), and containerized cargo.&lt;/p&gt;
&lt;h2&gt;Bulk cargo terminals:&lt;span class=&#34;absolute -mt-20&#34; id=&#34;bulk-cargo-terminals&#34;&gt;&lt;/span&gt;
    &lt;a href=&#34;#bulk-cargo-terminals&#34; class=&#34;subheading-anchor&#34; aria-label=&#34;Permalink for this section&#34;&gt;&lt;/a&gt;&lt;/h2&gt;&lt;p&gt;These terminals handle bulk cargo, such as coal, grain, iron ore, and oil. Bulk cargo terminals are typically specialized to handle a specific type of cargo.&lt;/p&gt;
&lt;h2&gt;Passenger terminals:&lt;span class=&#34;absolute -mt-20&#34; id=&#34;passenger-terminals&#34;&gt;&lt;/span&gt;
    &lt;a href=&#34;#passenger-terminals&#34; class=&#34;subheading-anchor&#34; aria-label=&#34;Permalink for this section&#34;&gt;&lt;/a&gt;&lt;/h2&gt;&lt;p&gt;These terminals handle passenger traffic, such as ferries and cruise ships. Passenger terminals typically have facilities for processing passengers, such as customs and immigration checkpoints, as well as amenities for passengers, such as restaurants and shops.&lt;/p&gt;
&lt;p&gt;General cargo terminals are the most common type of sea terminal. They are typically located in major ports and handle a wide variety of cargo. Bulk cargo terminals are typically located in ports that are close to the sources of the bulk cargo that they handle. Passenger terminals are typically located in ports that are popular tourist destinations.&lt;/p&gt;
&lt;p&gt;In addition to these three main types of sea terminals, there are also a number of specialized sea terminals, such as:&lt;/p&gt;
&lt;h2&gt;Container terminals:&lt;span class=&#34;absolute -mt-20&#34; id=&#34;container-terminals&#34;&gt;&lt;/span&gt;
    &lt;a href=&#34;#container-terminals&#34; class=&#34;subheading-anchor&#34; aria-label=&#34;Permalink for this section&#34;&gt;&lt;/a&gt;&lt;/h2&gt;&lt;p&gt;These terminals are designed specifically to handle containerized cargo. Container terminals are typically equipped with large cranes and other specialized equipment for loading and unloading containers.&lt;/p&gt;
&lt;h2&gt;RoRo terminals:&lt;span class=&#34;absolute -mt-20&#34; id=&#34;roro-terminals&#34;&gt;&lt;/span&gt;
    &lt;a href=&#34;#roro-terminals&#34; class=&#34;subheading-anchor&#34; aria-label=&#34;Permalink for this section&#34;&gt;&lt;/a&gt;&lt;/h2&gt;&lt;p&gt;These terminals are designed specifically to handle roll-on/roll-off cargo, such as cars and trucks. RoRo terminals typically have ramps and other specialized equipment for loading and unloading RoRo cargo.&lt;/p&gt;
&lt;h2&gt;LNG terminals:&lt;span class=&#34;absolute -mt-20&#34; id=&#34;lng-terminals&#34;&gt;&lt;/span&gt;
    &lt;a href=&#34;#lng-terminals&#34; class=&#34;subheading-anchor&#34; aria-label=&#34;Permalink for this section&#34;&gt;&lt;/a&gt;&lt;/h2&gt;&lt;p&gt;These terminals are designed to handle liquefied natural gas (LNG). LNG terminals are typically equipped with specialized equipment for storing and regasifying LNG.&lt;/p&gt;
&lt;p&gt;The type of sea terminal that is used depends on the type of cargo that is being handled. For example, if a containerized cargo is being handled, a container terminal will be used. If a bulk cargo is being handled, a bulk cargo terminal will be used. If a passenger ship is being handled, a passenger terminal will be used.&lt;/p&gt;
&lt;p&gt;Sea terminals play an important role in the global economy. They allow goods to be transported efficiently between different parts of the world. Sea terminals are also a major source of jobs in many port cities.&lt;/p&gt;

      </description>
    </item>
    
  </channel>
</rss>
