<rss version="2.0" xmlns:atom="http://www.w3.org/2005/Atom">
  <channel>
    <title>Study Extra Master – Ocean Governance</title>
    <link>https://anirbanmarine.in/docs/partc/em301/oceangov/</link>
    <description>Recent content in Ocean Governance on Study Extra Master</description>
    <generator>Hugo -- gohugo.io</generator>
    <language>en-us</language>
    
	  <atom:link href="https://anirbanmarine.in/docs/partc/em301/oceangov/index.xml" rel="self" type="application/rss+xml" />
    
    
      
        
      
    
    
    <item>
      <title>Areas Beyond National Jurisdiction</title>
      <link>https://anirbanmarine.in/docs/partc/em301/oceangov/abnj/</link>
      <pubDate>Mon, 01 Jan 0001 00:00:00 +0000</pubDate>
      
      <guid>https://anirbanmarine.in/docs/partc/em301/oceangov/abnj/</guid>
      <description>
        
        
        &lt;h2&gt;What is ABNJ?&lt;span class=&#34;absolute -mt-20&#34; id=&#34;what-is-abnj&#34;&gt;&lt;/span&gt;
    &lt;a href=&#34;#what-is-abnj&#34; class=&#34;subheading-anchor&#34; aria-label=&#34;Permalink for this section&#34;&gt;&lt;/a&gt;&lt;/h2&gt;&lt;p&gt;Areas beyond national jurisdiction (ABNJ) are those parts of the ocean that are not under the control of any one country. They cover about 64% of the ocean&amp;rsquo;s surface and 95% of its volume, making them the largest global commons on Earth.&lt;/p&gt;
&lt;p&gt;ABNJ are home to a wide range of marine life and ecosystems, including many that are unique and found nowhere else on the planet. They also play a vital role in regulating the climate and providing essential resources to people around the world.&lt;/p&gt;
&lt;p&gt;However, ABNJ are facing a number of challenges, including overfishing, pollution, and climate change. These challenges are interconnected and require a coordinated response from the global community.&lt;/p&gt;
&lt;p&gt;The conservation and management of resources in ABNJ is governed by a number of international agreements, including the United Nations Convention on the Law of the Sea (UNCLOS) and the Convention on Biological Diversity (CBD). These agreements provide a framework for cooperation on a range of issues, including fisheries, shipping, and environmental protection.&lt;/p&gt;
&lt;p&gt;In addition to international agreements, there are also a number of regional and subregional organizations that play a role in the conservation and management of ABNJ resources. These organizations work to coordinate management efforts and develop common standards and practices.&lt;/p&gt;
&lt;h2&gt;Despite the existence of these agreements and organizations, there are still a number of challenges to the effective conservation and management of ABNJ resources. These challenges include:&lt;span class=&#34;absolute -mt-20&#34; id=&#34;despite-the-existence-of-these-agreements-and-organizations-there-are-still-a-number-of-challenges-to-the-effective-conservation-and-management-of-abnj-resources-these-challenges-include&#34;&gt;&lt;/span&gt;
    &lt;a href=&#34;#despite-the-existence-of-these-agreements-and-organizations-there-are-still-a-number-of-challenges-to-the-effective-conservation-and-management-of-abnj-resources-these-challenges-include&#34; class=&#34;subheading-anchor&#34; aria-label=&#34;Permalink for this section&#34;&gt;&lt;/a&gt;&lt;/h2&gt;&lt;ul&gt;
&lt;li&gt;The fragmentation of the international ocean governance system&lt;/li&gt;
&lt;li&gt;The lack of effective enforcement mechanisms for international agreements&lt;/li&gt;
&lt;li&gt;The capacity constraints of developing countries&lt;/li&gt;
&lt;li&gt;The increasing pressure on marine resources from human activities&lt;/li&gt;
&lt;/ul&gt;
&lt;p&gt;Despite these challenges, there is a growing recognition of the importance of ABNJ conservation and management. The United Nations Sustainable Development Goal 14 calls for &amp;ldquo;conserving and sustainably using the oceans, seas and marine resources for sustainable development.&amp;rdquo;&lt;/p&gt;
&lt;h2&gt;There are a number of things that can be done to improve the conservation and management of ABNJ resources, including:&lt;span class=&#34;absolute -mt-20&#34; id=&#34;there-are-a-number-of-things-that-can-be-done-to-improve-the-conservation-and-management-of-abnj-resources-including&#34;&gt;&lt;/span&gt;
    &lt;a href=&#34;#there-are-a-number-of-things-that-can-be-done-to-improve-the-conservation-and-management-of-abnj-resources-including&#34; class=&#34;subheading-anchor&#34; aria-label=&#34;Permalink for this section&#34;&gt;&lt;/a&gt;&lt;/h2&gt;&lt;ol&gt;
&lt;li&gt;Strengthening international cooperation and coordination&lt;/li&gt;
&lt;li&gt;Improving the enforcement of international agreements&lt;/li&gt;
&lt;li&gt;Building capacity in developing countries&lt;/li&gt;
&lt;li&gt;Promoting sustainable ocean-based economies&lt;/li&gt;
&lt;/ol&gt;
&lt;p&gt;Raising public awareness of the importance of ABNJ conservation and sustainable use
Here are some specific examples of conservation and management measures that are being implemented in ABNJ:&lt;/p&gt;
&lt;h3&gt;Fishery management:&lt;span class=&#34;absolute -mt-20&#34; id=&#34;fishery-management&#34;&gt;&lt;/span&gt;
    &lt;a href=&#34;#fishery-management&#34; class=&#34;subheading-anchor&#34; aria-label=&#34;Permalink for this section&#34;&gt;&lt;/a&gt;&lt;/h3&gt;&lt;p&gt;Regional fisheries management organizations (RFMOs) have been established to manage fisheries in ABNJ. RFMOs set catch limits, establish fishing seasons, and implement other measures to ensure the sustainable management of fish stocks.&lt;/p&gt;
&lt;h3&gt;Marine protected areas:&lt;span class=&#34;absolute -mt-20&#34; id=&#34;marine-protected-areas&#34;&gt;&lt;/span&gt;
    &lt;a href=&#34;#marine-protected-areas&#34; class=&#34;subheading-anchor&#34; aria-label=&#34;Permalink for this section&#34;&gt;&lt;/a&gt;&lt;/h3&gt;&lt;p&gt;Marine protected areas (MPAs) can be used to protect vulnerable marine ecosystems and biodiversity in ABNJ. MPAs can be established through international agreements or by individual countries.&lt;/p&gt;
&lt;h3&gt;Pollution prevention and control:&lt;span class=&#34;absolute -mt-20&#34; id=&#34;pollution-prevention-and-control&#34;&gt;&lt;/span&gt;
    &lt;a href=&#34;#pollution-prevention-and-control&#34; class=&#34;subheading-anchor&#34; aria-label=&#34;Permalink for this section&#34;&gt;&lt;/a&gt;&lt;/h3&gt;&lt;p&gt;A number of international agreements are in place to prevent and control pollution in ABNJ. These agreements address a range of pollutants, including oil, sewage, and hazardous substances.&lt;/p&gt;
&lt;h3&gt;Climate change adaptation:&lt;span class=&#34;absolute -mt-20&#34; id=&#34;climate-change-adaptation&#34;&gt;&lt;/span&gt;
    &lt;a href=&#34;#climate-change-adaptation&#34; class=&#34;subheading-anchor&#34; aria-label=&#34;Permalink for this section&#34;&gt;&lt;/a&gt;&lt;/h3&gt;&lt;p&gt;The impacts of climate change are already being felt in ABNJ, and these impacts are expected to become more severe in the future. A number of international organizations and initiatives are working to help countries adapt to the impacts of climate change in ABNJ.&lt;/p&gt;
&lt;p&gt;The conservation and management of ABNJ resources is a complex and challenging task. However, it is essential that we find ways to manage these resources sustainably for the benefit of current and future generations.&lt;/p&gt;

      </description>
    </item>
    
    <item>
      <title>Commission on Limits of the Continental Shelf</title>
      <link>https://anirbanmarine.in/docs/partc/em301/oceangov/clcs/</link>
      <pubDate>Mon, 01 Jan 0001 00:00:00 +0000</pubDate>
      
      <guid>https://anirbanmarine.in/docs/partc/em301/oceangov/clcs/</guid>
      <description>
        
        
        &lt;h2&gt;What is CLCS and describe it&amp;rsquo;s functions.&lt;span class=&#34;absolute -mt-20&#34; id=&#34;what-is-clcs-and-describe-its-functions&#34;&gt;&lt;/span&gt;
    &lt;a href=&#34;#what-is-clcs-and-describe-its-functions&#34; class=&#34;subheading-anchor&#34; aria-label=&#34;Permalink for this section&#34;&gt;&lt;/a&gt;&lt;/h2&gt;&lt;p&gt;The Commission on the Limits of the Continental Shelf (CLCS) is a 21-member body of experts established under the United Nations Convention on the Law of the Sea (UNCLOS) to consider submissions from coastal states on the outer limits of their continental shelf beyond 200 nautical miles from their baselines.&lt;/p&gt;
&lt;p&gt;The CLCS&amp;rsquo;s work is important because the continental shelf is a valuable resource that can contain oil, gas, and other minerals. The CLCS&amp;rsquo;s recommendations help coastal states to determine the extent of their continental shelf and to exploit its resources sustainably.&lt;/p&gt;
&lt;p&gt;The CLCS&amp;rsquo;s work is also important because it helps to resolve disputes between states over the delimitation of their maritime boundaries. The CLCS&amp;rsquo;s recommendations are not binding, but they are generally respected by coastal states.&lt;/p&gt;
&lt;p&gt;The CLCS is a highly technical body. Its members are experts in geology, geophysics, oceanography, and international law. The CLCS&amp;rsquo;s work is also highly political, as coastal states have a strong interest in the outcome of the CLCS&amp;rsquo;s recommendations.&lt;/p&gt;
&lt;p&gt;The CLCS plays a vital role in the sustainable management of the oceans. Its work helps to ensure that coastal states can benefit from the resources of their continental shelf in a way that is compatible with the protection of the marine environment.&lt;/p&gt;
&lt;h2&gt;Here are some additional details about the CLCS&amp;rsquo;s work:&lt;span class=&#34;absolute -mt-20&#34; id=&#34;here-are-some-additional-details-about-the-clcss-work&#34;&gt;&lt;/span&gt;
    &lt;a href=&#34;#here-are-some-additional-details-about-the-clcss-work&#34; class=&#34;subheading-anchor&#34; aria-label=&#34;Permalink for this section&#34;&gt;&lt;/a&gt;&lt;/h2&gt;&lt;ul&gt;
&lt;li&gt;The CLCS&amp;rsquo;s recommendations are based on scientific and technical evidence, including data on the geomorphology of the seabed, the thickness of the sedimentary column, and the natural prolongation of the landmass.&lt;/li&gt;
&lt;li&gt;The CLCS&amp;rsquo;s recommendations are also based on the principles of international law, including the principle of equity.&lt;/li&gt;
&lt;li&gt;The CLCS&amp;rsquo;s work is transparent and inclusive. Coastal states are encouraged to participate in the CLCS&amp;rsquo;s proceedings and to submit their own scientific and technical data.&lt;/li&gt;
&lt;li&gt;The CLCS&amp;rsquo;s recommendations have been instrumental in helping coastal states to resolve disputes over the delimitation of their maritime boundaries. For example, the CLCS&amp;rsquo;s recommendations helped to resolve disputes between Bangladesh and India, between Argentina and the United Kingdom, and between Mauritius and the Seychelles.&lt;/li&gt;
&lt;/ul&gt;
&lt;p&gt;The CLCS is an important institution for the sustainable management of the oceans. Its work helps to ensure that coastal states can benefit from the resources of their continental shelf in a way that is fair and equitable, and that the marine environment is protected.&lt;/p&gt;

      </description>
    </item>
    
    <item>
      <title>FAO Code of Conduct for Responsible Fisheries(CCRF)</title>
      <link>https://anirbanmarine.in/docs/partc/em301/oceangov/ccrf/</link>
      <pubDate>Mon, 01 Jan 0001 00:00:00 +0000</pubDate>
      
      <guid>https://anirbanmarine.in/docs/partc/em301/oceangov/ccrf/</guid>
      <description>
        
        
        &lt;h2&gt;What is CCRF?&lt;span class=&#34;absolute -mt-20&#34; id=&#34;what-is-ccrf&#34;&gt;&lt;/span&gt;
    &lt;a href=&#34;#what-is-ccrf&#34; class=&#34;subheading-anchor&#34; aria-label=&#34;Permalink for this section&#34;&gt;&lt;/a&gt;&lt;/h2&gt;&lt;p&gt;The FAO Code of Conduct for Responsible Fisheries (CCRF) is a voluntary international instrument that sets out principles and standards for the conservation, management and development of living aquatic resources. It was adopted by the FAO Conference in 1995 and has since been endorsed by over 180 countries.&lt;/p&gt;
&lt;h2&gt;The CCRF is based on the following principles:&lt;span class=&#34;absolute -mt-20&#34; id=&#34;the-ccrf-is-based-on-the-following-principles&#34;&gt;&lt;/span&gt;
    &lt;a href=&#34;#the-ccrf-is-based-on-the-following-principles&#34; class=&#34;subheading-anchor&#34; aria-label=&#34;Permalink for this section&#34;&gt;&lt;/a&gt;&lt;/h2&gt;&lt;h3&gt;The precautionary approach:&lt;span class=&#34;absolute -mt-20&#34; id=&#34;the-precautionary-approach&#34;&gt;&lt;/span&gt;
    &lt;a href=&#34;#the-precautionary-approach&#34; class=&#34;subheading-anchor&#34; aria-label=&#34;Permalink for this section&#34;&gt;&lt;/a&gt;&lt;/h3&gt;&lt;p&gt;States should act with caution when taking decisions that could have a negative impact on living aquatic resources, even if there is no scientific certainty that such an impact will occur.&lt;/p&gt;
&lt;h3&gt;Ecosystem approach:&lt;span class=&#34;absolute -mt-20&#34; id=&#34;ecosystem-approach&#34;&gt;&lt;/span&gt;
    &lt;a href=&#34;#ecosystem-approach&#34; class=&#34;subheading-anchor&#34; aria-label=&#34;Permalink for this section&#34;&gt;&lt;/a&gt;&lt;/h3&gt;&lt;p&gt;States should manage living aquatic resources in a way that takes into account the interconnectedness of ecosystems and the need to protect biodiversity.&lt;/p&gt;
&lt;h3&gt;Good governance:&lt;span class=&#34;absolute -mt-20&#34; id=&#34;good-governance&#34;&gt;&lt;/span&gt;
    &lt;a href=&#34;#good-governance&#34; class=&#34;subheading-anchor&#34; aria-label=&#34;Permalink for this section&#34;&gt;&lt;/a&gt;&lt;/h3&gt;&lt;p&gt;States should develop and implement policies and measures for the conservation, management and development of living aquatic resources in a participatory and transparent manner.&lt;/p&gt;
&lt;h3&gt;Sustainable use:&lt;span class=&#34;absolute -mt-20&#34; id=&#34;sustainable-use&#34;&gt;&lt;/span&gt;
    &lt;a href=&#34;#sustainable-use&#34; class=&#34;subheading-anchor&#34; aria-label=&#34;Permalink for this section&#34;&gt;&lt;/a&gt;&lt;/h3&gt;&lt;p&gt;States should ensure that living aquatic resources are used in a sustainable manner, so that they can be used for present and future generations.&lt;/p&gt;
&lt;h2&gt;The CCRF covers a wide range of issues, including:&lt;span class=&#34;absolute -mt-20&#34; id=&#34;the-ccrf-covers-a-wide-range-of-issues-including&#34;&gt;&lt;/span&gt;
    &lt;a href=&#34;#the-ccrf-covers-a-wide-range-of-issues-including&#34; class=&#34;subheading-anchor&#34; aria-label=&#34;Permalink for this section&#34;&gt;&lt;/a&gt;&lt;/h2&gt;&lt;h3&gt;Fisheries management:&lt;span class=&#34;absolute -mt-20&#34; id=&#34;fisheries-management&#34;&gt;&lt;/span&gt;
    &lt;a href=&#34;#fisheries-management&#34; class=&#34;subheading-anchor&#34; aria-label=&#34;Permalink for this section&#34;&gt;&lt;/a&gt;&lt;/h3&gt;&lt;p&gt;The CCRF provides guidance on how to develop and implement effective fisheries management measures.&lt;/p&gt;
&lt;h3&gt;Aquaculture:&lt;span class=&#34;absolute -mt-20&#34; id=&#34;aquaculture&#34;&gt;&lt;/span&gt;
    &lt;a href=&#34;#aquaculture&#34; class=&#34;subheading-anchor&#34; aria-label=&#34;Permalink for this section&#34;&gt;&lt;/a&gt;&lt;/h3&gt;&lt;p&gt;The CCRF provides guidance on how to develop and implement sustainable aquaculture practices.&lt;/p&gt;
&lt;h3&gt;Research and development:&lt;span class=&#34;absolute -mt-20&#34; id=&#34;research-and-development&#34;&gt;&lt;/span&gt;
    &lt;a href=&#34;#research-and-development&#34; class=&#34;subheading-anchor&#34; aria-label=&#34;Permalink for this section&#34;&gt;&lt;/a&gt;&lt;/h3&gt;&lt;p&gt;The CCRF emphasizes the importance of research and development in supporting the conservation, management and development of living aquatic resources.&lt;/p&gt;
&lt;h3&gt;International cooperation:&lt;span class=&#34;absolute -mt-20&#34; id=&#34;international-cooperation&#34;&gt;&lt;/span&gt;
    &lt;a href=&#34;#international-cooperation&#34; class=&#34;subheading-anchor&#34; aria-label=&#34;Permalink for this section&#34;&gt;&lt;/a&gt;&lt;/h3&gt;&lt;p&gt;The CCRF encourages states to cooperate with each other on the conservation, management and development of shared living aquatic resources.&lt;/p&gt;
&lt;p&gt;The CCRF is a valuable tool for governments, fishers, aquaculture operators, and other stakeholders involved in the fisheries and aquaculture sectors. It provides a framework for responsible and sustainable practices that can help to ensure the long-term health of living aquatic resources and the benefits they provide to people around the world.&lt;/p&gt;
&lt;h2&gt;Here are some examples of how the CCRF is being implemented:&lt;span class=&#34;absolute -mt-20&#34; id=&#34;here-are-some-examples-of-how-the-ccrf-is-being-implemented&#34;&gt;&lt;/span&gt;
    &lt;a href=&#34;#here-are-some-examples-of-how-the-ccrf-is-being-implemented&#34; class=&#34;subheading-anchor&#34; aria-label=&#34;Permalink for this section&#34;&gt;&lt;/a&gt;&lt;/h2&gt;&lt;ul&gt;
&lt;li&gt;In many countries, the CCRF has been used to develop national fisheries management plans.&lt;/li&gt;
&lt;li&gt;The CCRF has also been used to develop regional fisheries management organizations (RFMOs), which are responsible for managing shared fish stocks.&lt;/li&gt;
&lt;li&gt;In the aquaculture sector, the CCRF has been used to develop standards for sustainable aquaculture practices.&lt;/li&gt;
&lt;li&gt;The CCRF is also being used to promote international cooperation on fisheries and aquaculture issues.&lt;/li&gt;
&lt;li&gt;The CCRF is not a legally binding instrument, but it is a highly respected and influential document. It has played an important role in raising awareness of the need for responsible fisheries and aquaculture practices.&lt;/li&gt;
&lt;/ul&gt;

      </description>
    </item>
    
    <item>
      <title>International Seabed Authority</title>
      <link>https://anirbanmarine.in/docs/partc/em301/oceangov/isa/</link>
      <pubDate>Mon, 01 Jan 0001 00:00:00 +0000</pubDate>
      
      <guid>https://anirbanmarine.in/docs/partc/em301/oceangov/isa/</guid>
      <description>
        
        
        &lt;p&gt;T## he International Seabed Authority (ISA):&lt;/p&gt;
&lt;p&gt;is an intergovernmental organization of 167 member states and the European Union established under the 1982 United Nations Convention on the Law of the Sea (UNCLOS) and its 1994 Agreement on Implementation. The ISA is headquartered in Kingston, Jamaica.&lt;/p&gt;
&lt;h3&gt;The ISA&amp;rsquo;s dual mission is to:&lt;span class=&#34;absolute -mt-20&#34; id=&#34;the-isas-dual-mission-is-to&#34;&gt;&lt;/span&gt;
    &lt;a href=&#34;#the-isas-dual-mission-is-to&#34; class=&#34;subheading-anchor&#34; aria-label=&#34;Permalink for this section&#34;&gt;&lt;/a&gt;&lt;/h3&gt;&lt;ul&gt;
&lt;li&gt;Organize and control mining activities in the international seabed, which is considered the &amp;ldquo;common heritage of mankind.&amp;rdquo;&lt;/li&gt;
&lt;li&gt;Protect the marine environment from potential harm caused by mining activities.&lt;/li&gt;
&lt;/ul&gt;
&lt;p&gt;The ISA exercises jurisdiction over the Area, which is defined as the seabed and ocean floor and subsoil thereof beyond the limits of national jurisdiction. The Area covers approximately half of the Earth&amp;rsquo;s surface.&lt;/p&gt;
&lt;h3&gt;The ISA&amp;rsquo;s main functions include:&lt;span class=&#34;absolute -mt-20&#34; id=&#34;the-isas-main-functions-include&#34;&gt;&lt;/span&gt;
    &lt;a href=&#34;#the-isas-main-functions-include&#34; class=&#34;subheading-anchor&#34; aria-label=&#34;Permalink for this section&#34;&gt;&lt;/a&gt;&lt;/h3&gt;&lt;ul&gt;
&lt;li&gt;Granting exploration and exploitation contracts for mineral resources in the Area.&lt;/li&gt;
&lt;li&gt;Monitoring and regulating mining activities to ensure that they are conducted in a sustainable manner and do not cause undue harm to the marine environment.&lt;/li&gt;
&lt;li&gt;Promoting and facilitating scientific research on the Area.&lt;/li&gt;
&lt;li&gt;Ensuring that the benefits from mining activities in the Area are shared equitably with all member states.&lt;/li&gt;
&lt;/ul&gt;
&lt;h3&gt;Assembly&lt;span class=&#34;absolute -mt-20&#34; id=&#34;assembly&#34;&gt;&lt;/span&gt;
    &lt;a href=&#34;#assembly&#34; class=&#34;subheading-anchor&#34; aria-label=&#34;Permalink for this section&#34;&gt;&lt;/a&gt;&lt;/h3&gt;&lt;p&gt;The ISA&amp;rsquo;s governing body is the Assembly, which is composed of all member states. The Assembly meets once a year to adopt the ISA&amp;rsquo;s budget, approve exploration and exploitation contracts, and provide guidance on the ISA&amp;rsquo;s work.&lt;/p&gt;
&lt;h3&gt;Council&lt;span class=&#34;absolute -mt-20&#34; id=&#34;council&#34;&gt;&lt;/span&gt;
    &lt;a href=&#34;#council&#34; class=&#34;subheading-anchor&#34; aria-label=&#34;Permalink for this section&#34;&gt;&lt;/a&gt;&lt;/h3&gt;&lt;p&gt;The ISA&amp;rsquo;s executive body is the Council, which is composed of 36 member states elected by the Assembly. The Council meets twice a year to approve exploration and exploitation plans, monitor the ISA&amp;rsquo;s budget, and make recommendations to the Assembly.&lt;/p&gt;
&lt;h3&gt;Secretariat&lt;span class=&#34;absolute -mt-20&#34; id=&#34;secretariat&#34;&gt;&lt;/span&gt;
    &lt;a href=&#34;#secretariat&#34; class=&#34;subheading-anchor&#34; aria-label=&#34;Permalink for this section&#34;&gt;&lt;/a&gt;&lt;/h3&gt;&lt;p&gt;The ISA&amp;rsquo;s secretariat is headed by the Secretary-General, who is responsible for the day-to-day administration of the ISA.&lt;/p&gt;
&lt;p&gt;The ISA is a relatively new organization, having been established in 1994. However, it has already played an important role in regulating the exploration and exploitation of mineral resources in the international seabed. The ISA is also working to develop a framework for the sustainable mining of deep seabed minerals, which are becoming increasingly important as demand for these minerals grows.&lt;/p&gt;
&lt;p&gt;In addition to its core functions, the ISA also plays a number of other important roles. For example, the ISA provides training and capacity-building assistance to developing countries to help them participate in the exploration and exploitation of deep seabed minerals. The ISA also promotes public awareness of the importance of the international seabed and the need to protect its marine environment.&lt;/p&gt;
&lt;p&gt;The ISA is a vital institution for the sustainable management of the international seabed. The ISA&amp;rsquo;s work is essential to ensuring that the benefits of deep seabed mining are shared equitably with all member states and that the marine environment is protected.&lt;/p&gt;
&lt;h3&gt;Here are some additional details about the ISA&amp;rsquo;s work:&lt;span class=&#34;absolute -mt-20&#34; id=&#34;here-are-some-additional-details-about-the-isas-work&#34;&gt;&lt;/span&gt;
    &lt;a href=&#34;#here-are-some-additional-details-about-the-isas-work&#34; class=&#34;subheading-anchor&#34; aria-label=&#34;Permalink for this section&#34;&gt;&lt;/a&gt;&lt;/h3&gt;&lt;ul&gt;
&lt;li&gt;The ISA has developed a set of Mining Regulations to ensure that mining activities in the Area are conducted in a sustainable manner and do not cause undue harm to the marine environment.&lt;/li&gt;
&lt;li&gt;The ISA has established a Legal and Technical Commission to provide advice on the interpretation and application of the UNCLOS and the ISA&amp;rsquo;s Mining Regulations.&lt;/li&gt;
&lt;li&gt;The ISA has established a Seabed Disputes Chamber to resolve disputes arising from activities in the Area.&lt;/li&gt;
&lt;li&gt;The ISA has established a Finance Committee to oversee the ISA&amp;rsquo;s budget and financial resources.&lt;/li&gt;
&lt;li&gt;The ISA has established a Marine Environment Division to monitor the marine environment in the Area and to develop measures to protect the marine environment from potential harm caused by mining activities.&lt;/li&gt;
&lt;/ul&gt;
&lt;p&gt;The ISA is a complex and dynamic organization. It is playing an increasingly important role in the sustainable management of the international seabed and its resources.&lt;/p&gt;

      </description>
    </item>
    
    <item>
      <title>Ocean Governance</title>
      <link>https://anirbanmarine.in/docs/partc/em301/oceangov/defoceangov/</link>
      <pubDate>Mon, 01 Jan 0001 00:00:00 +0000</pubDate>
      
      <guid>https://anirbanmarine.in/docs/partc/em301/oceangov/defoceangov/</guid>
      <description>
        
        
        &lt;h2&gt;What is Ocean Governance?&lt;span class=&#34;absolute -mt-20&#34; id=&#34;what-is-ocean-governance&#34;&gt;&lt;/span&gt;
    &lt;a href=&#34;#what-is-ocean-governance&#34; class=&#34;subheading-anchor&#34; aria-label=&#34;Permalink for this section&#34;&gt;&lt;/a&gt;&lt;/h2&gt;&lt;p&gt;Ocean governance is the process by which the world&amp;rsquo;s oceans are managed and used. It encompasses a wide range of actors and institutions, including governments, international organizations, businesses, civil society groups, and individuals.&lt;/p&gt;
&lt;p&gt;Ocean governance is important because the oceans play a vital role in the global economy and environment. They provide food, jobs, transportation, and recreation. They also regulate the climate, produce oxygen, and support a wide range of biodiversity.&lt;/p&gt;
&lt;p&gt;However, the oceans are facing a number of challenges, including climate change, overfishing, pollution, and habitat destruction. These challenges are interconnected and require a coordinated response from the global community.&lt;/p&gt;
&lt;p&gt;There are a number of international agreements that govern the oceans, including the United Nations Convention on the Law of the Sea (UNCLOS). UNCLOS is the most comprehensive international treaty on ocean affairs, and it provides a framework for cooperation on a wide range of issues, including fisheries, shipping, and environmental protection.&lt;/p&gt;
&lt;p&gt;In addition to international agreements, there are also a number of regional and national ocean governance institutions. Regional organizations, such as the European Union and the Association of Southeast Asian Nations (ASEAN), play an important role in coordinating ocean management within their respective regions. National governments are also responsible for developing and implementing ocean policies within their own territorial waters.&lt;/p&gt;
&lt;p&gt;Ocean governance is a complex and challenging task. However, it is essential that we find ways to manage the oceans sustainably for the benefit of current and future generations.&lt;/p&gt;
&lt;h2&gt;Here are some of the key goals of ocean governance:&lt;span class=&#34;absolute -mt-20&#34; id=&#34;here-are-some-of-the-key-goals-of-ocean-governance&#34;&gt;&lt;/span&gt;
    &lt;a href=&#34;#here-are-some-of-the-key-goals-of-ocean-governance&#34; class=&#34;subheading-anchor&#34; aria-label=&#34;Permalink for this section&#34;&gt;&lt;/a&gt;&lt;/h2&gt;&lt;ul&gt;
&lt;li&gt;To protect and conserve marine ecosystems and biodiversity&lt;/li&gt;
&lt;li&gt;To sustainably manage marine resources&lt;/li&gt;
&lt;li&gt;To reduce and prevent marine pollution&lt;/li&gt;
&lt;li&gt;To promote the peaceful uses of the oceans&lt;/li&gt;
&lt;li&gt;To ensure the safety and security of maritime navigation&lt;/li&gt;
&lt;li&gt;To strengthen international cooperation on ocean issues&lt;/li&gt;
&lt;/ul&gt;
&lt;h2&gt;Some of the challenges facing ocean governance include:&lt;span class=&#34;absolute -mt-20&#34; id=&#34;some-of-the-challenges-facing-ocean-governance-include&#34;&gt;&lt;/span&gt;
    &lt;a href=&#34;#some-of-the-challenges-facing-ocean-governance-include&#34; class=&#34;subheading-anchor&#34; aria-label=&#34;Permalink for this section&#34;&gt;&lt;/a&gt;&lt;/h2&gt;&lt;ul&gt;
&lt;li&gt;The fragmentation of the international ocean governance system&lt;/li&gt;
&lt;li&gt;The lack of effective enforcement mechanisms for international agreements&lt;/li&gt;
&lt;li&gt;The capacity constraints of developing countries&lt;/li&gt;
&lt;li&gt;The increasing pressure on marine resources from human activities&lt;/li&gt;
&lt;/ul&gt;
&lt;p&gt;Despite these challenges, there is a growing recognition of the importance of ocean governance. The United Nations Sustainable Development Goal 14 calls for &amp;ldquo;conserving and sustainably using the oceans, seas and marine resources for sustainable development.&amp;rdquo;&lt;/p&gt;
&lt;h2&gt;There are a number of things that can be done to improve ocean governance, including:&lt;span class=&#34;absolute -mt-20&#34; id=&#34;there-are-a-number-of-things-that-can-be-done-to-improve-ocean-governance-including&#34;&gt;&lt;/span&gt;
    &lt;a href=&#34;#there-are-a-number-of-things-that-can-be-done-to-improve-ocean-governance-including&#34; class=&#34;subheading-anchor&#34; aria-label=&#34;Permalink for this section&#34;&gt;&lt;/a&gt;&lt;/h2&gt;&lt;ol&gt;
&lt;li&gt;Strengthening international cooperation and coordination&lt;/li&gt;
&lt;li&gt;Improving the enforcement of international agreements&lt;/li&gt;
&lt;li&gt;Building capacity in developing countries&lt;/li&gt;
&lt;li&gt;Promoting sustainable ocean-based economies&lt;/li&gt;
&lt;li&gt;Raising public awareness of the importance of ocean conservation and sustainable use&lt;/li&gt;
&lt;/ol&gt;
&lt;p&gt;Ocean governance is a complex and challenging task, but it is essential that we find ways to manage the oceans sustainably for the benefit of current and future generations.&lt;/p&gt;

      </description>
    </item>
    
    <item>
      <title>Sustainable Development</title>
      <link>https://anirbanmarine.in/docs/partc/em301/oceangov/sdev/</link>
      <pubDate>Mon, 01 Jan 0001 00:00:00 +0000</pubDate>
      
      <guid>https://anirbanmarine.in/docs/partc/em301/oceangov/sdev/</guid>
      <description>
        
        
        &lt;p&gt;Marine sustainable development is the management and use of marine resources in a way that meets the needs of the present without compromising the ability of future generations to meet their own needs. It is essential to ensure that the oceans remain healthy and productive, and that the benefits of marine resources are shared equitably.&lt;/p&gt;
&lt;p&gt;There are many different aspects of marine sustainable development, including:&lt;/p&gt;
&lt;ul&gt;
&lt;li&gt;&lt;strong&gt;Sustainable fisheries:&lt;/strong&gt; Fisheries management that ensures that fish stocks are harvested at a sustainable rate, and that fishing practices do not harm the marine environment.&lt;/li&gt;
&lt;li&gt;&lt;strong&gt;Marine protected areas:&lt;/strong&gt; Areas of the ocean that are protected from human activities, such as fishing and mining. Marine protected areas help to conserve marine biodiversity and to protect important marine ecosystems.&lt;/li&gt;
&lt;li&gt;&lt;strong&gt;Pollution reduction:&lt;/strong&gt; Reducing the amount of pollution that enters the ocean from land-based sources, such as agriculture, industry, and sewage treatment plants.&lt;/li&gt;
&lt;li&gt;&lt;strong&gt;Ocean acidification mitigation:&lt;/strong&gt; Reducing the amount of greenhouse gases that are emitted into the atmosphere, which can cause ocean acidification. Ocean acidification is a serious threat to marine ecosystems, and it is important to take action to mitigate its impacts.&lt;/li&gt;
&lt;/ul&gt;
&lt;p&gt;Marine sustainable development is important for a number of reasons:&lt;/p&gt;
&lt;ul&gt;
&lt;li&gt;&lt;strong&gt;The oceans provide food and livelihoods for millions of people around the world.&lt;/strong&gt;&lt;/li&gt;
&lt;li&gt;&lt;strong&gt;The oceans play a vital role in regulating the climate and supporting life on Earth.&lt;/strong&gt;&lt;/li&gt;
&lt;li&gt;&lt;strong&gt;The oceans are home to a vast array of marine life, much of which has yet to be discovered.&lt;/strong&gt;&lt;/li&gt;
&lt;li&gt;&lt;strong&gt;The oceans provide a range of recreational and cultural opportunities.&lt;/strong&gt;&lt;/li&gt;
&lt;/ul&gt;
&lt;p&gt;We all have a role to play in ensuring the sustainable development of the oceans. We can do this by making sustainable choices about the seafood we eat, the products we buy, and the way we live. We can also support organizations that are working to protect the oceans.&lt;/p&gt;
&lt;p&gt;Here are some ways that you can support marine sustainable development:&lt;/p&gt;
&lt;ul&gt;
&lt;li&gt;&lt;strong&gt;Choose seafood that is certified sustainable.&lt;/strong&gt; There are a number of organizations that certify seafood products that have been harvested and farmed in a sustainable manner.&lt;/li&gt;
&lt;li&gt;&lt;strong&gt;Reduce your consumption of plastic.&lt;/strong&gt; Plastic pollution is a major threat to the oceans. You can reduce your plastic consumption by avoiding single-use plastic products, such as straws, bags, and utensils.&lt;/li&gt;
&lt;li&gt;&lt;strong&gt;Support organizations that are working to protect the oceans.&lt;/strong&gt; There are a number of organizations that are working to protect the oceans and their resources. You can support these organizations by donating to them or volunteering your time.&lt;/li&gt;
&lt;/ul&gt;
&lt;p&gt;By making sustainable choices and supporting organizations that are working to protect the oceans, we can all help to ensure that the oceans remain healthy and productive for future generations.&lt;/p&gt;

      </description>
    </item>
    
    <item>
      <title>UNFSA</title>
      <link>https://anirbanmarine.in/docs/partc/em301/oceangov/unfsa/</link>
      <pubDate>Mon, 01 Jan 0001 00:00:00 +0000</pubDate>
      
      <guid>https://anirbanmarine.in/docs/partc/em301/oceangov/unfsa/</guid>
      <description>
        
        
        &lt;h2&gt;What is UNFSA?&lt;span class=&#34;absolute -mt-20&#34; id=&#34;what-is-unfsa&#34;&gt;&lt;/span&gt;
    &lt;a href=&#34;#what-is-unfsa&#34; class=&#34;subheading-anchor&#34; aria-label=&#34;Permalink for this section&#34;&gt;&lt;/a&gt;&lt;/h2&gt;&lt;p&gt;The United Nations Agreement on the Conservation and Management of Straddling Fish Stocks and Highly Migratory Fish Stocks (UNFSA) is an international agreement that aims to ensure the long-term conservation and sustainable use of straddling fish stocks and highly migratory fish stocks.&lt;/p&gt;
&lt;p&gt;Straddling fish stocks are those that occur both within the exclusive economic zones (EEZs) of coastal states and in the high seas. Highly migratory fish stocks are those that migrate across the EEZs of two or more coastal states or extend into the high seas.&lt;/p&gt;
&lt;p&gt;&lt;strong&gt;UNFSA was adopted in 1995 and entered into force in 2001.&lt;/strong&gt;* It is currently one of the most important international agreements governing fisheries management.&lt;/p&gt;
&lt;h2&gt;UNFSA sets out a number of principles and obligations for states in relation to the conservation and management of straddling fish stocks and highly migratory fish stocks. These include:&lt;span class=&#34;absolute -mt-20&#34; id=&#34;unfsa-sets-out-a-number-of-principles-and-obligations-for-states-in-relation-to-the-conservation-and-management-of-straddling-fish-stocks-and-highly-migratory-fish-stocks-these-include&#34;&gt;&lt;/span&gt;
    &lt;a href=&#34;#unfsa-sets-out-a-number-of-principles-and-obligations-for-states-in-relation-to-the-conservation-and-management-of-straddling-fish-stocks-and-highly-migratory-fish-stocks-these-include&#34; class=&#34;subheading-anchor&#34; aria-label=&#34;Permalink for this section&#34;&gt;&lt;/a&gt;&lt;/h2&gt;&lt;ul&gt;
&lt;li&gt;The precautionary approach: States must act with caution when taking decisions that could have a negative impact on straddling fish stocks and highly migratory fish stocks, even if there is no scientific certainty that such an impact will occur.&lt;/li&gt;
&lt;li&gt;The best available scientific information: States must base their decisions on the best available scientific information.&lt;/li&gt;
&lt;li&gt;Compatibility: States must ensure that their conservation and management measures are compatible with those of other states that are fishing the same stocks.&lt;/li&gt;
&lt;li&gt;Transparency: States must be transparent about their conservation and management measures and the data on which they are based.&lt;/li&gt;
&lt;/ul&gt;
&lt;h3&gt;What are RFMOs?&lt;span class=&#34;absolute -mt-20&#34; id=&#34;what-are-rfmos&#34;&gt;&lt;/span&gt;
    &lt;a href=&#34;#what-are-rfmos&#34; class=&#34;subheading-anchor&#34; aria-label=&#34;Permalink for this section&#34;&gt;&lt;/a&gt;&lt;/h3&gt;&lt;p&gt;UNFSA also establishes a number of mechanisms for cooperation between states, including through regional fisheries management organizations (RFMOs). RFMOs are responsible for developing and implementing conservation and management measures for straddling fish stocks and highly migratory fish stocks in their respective regions.&lt;/p&gt;
&lt;p&gt;UNFSA has played an important role in improving the conservation and management of straddling fish stocks and highly migratory fish stocks. However, there are still a number of challenges that need to be addressed. These include:&lt;/p&gt;
&lt;h3&gt;Overfishing:&lt;span class=&#34;absolute -mt-20&#34; id=&#34;overfishing&#34;&gt;&lt;/span&gt;
    &lt;a href=&#34;#overfishing&#34; class=&#34;subheading-anchor&#34; aria-label=&#34;Permalink for this section&#34;&gt;&lt;/a&gt;&lt;/h3&gt;&lt;p&gt;Overfishing remains a major problem for many straddling fish stocks and highly migratory fish stocks.&lt;/p&gt;
&lt;h3&gt;Illegal, unreported, and unregulated (IUU) fishing:&lt;span class=&#34;absolute -mt-20&#34; id=&#34;illegal-unreported-and-unregulated-iuu-fishing&#34;&gt;&lt;/span&gt;
    &lt;a href=&#34;#illegal-unreported-and-unregulated-iuu-fishing&#34; class=&#34;subheading-anchor&#34; aria-label=&#34;Permalink for this section&#34;&gt;&lt;/a&gt;&lt;/h3&gt;&lt;p&gt;IUU fishing is also a major problem, and it undermines the effectiveness of conservation and management measures.&lt;/p&gt;
&lt;h3&gt;Climate change:&lt;span class=&#34;absolute -mt-20&#34; id=&#34;climate-change&#34;&gt;&lt;/span&gt;
    &lt;a href=&#34;#climate-change&#34; class=&#34;subheading-anchor&#34; aria-label=&#34;Permalink for this section&#34;&gt;&lt;/a&gt;&lt;/h3&gt;&lt;p&gt;Climate change is having a significant impact on straddling fish stocks and highly migratory fish stocks, and it is making it more difficult to manage them sustainably.&lt;/p&gt;
&lt;p&gt;Despite these challenges, UNFSA remains an essential tool for the conservation and management of straddling fish stocks and highly migratory fish stocks. States must continue to work together to implement the provisions of UNFSA and to address the challenges that lie ahead.&lt;/p&gt;

      </description>
    </item>
    
  </channel>
</rss>
