<rss version="2.0" xmlns:atom="http://www.w3.org/2005/Atom">
  <channel>
    <title>Study Extra Master – Study for Extra Master</title>
    <link>https://anirbanmarine.in/</link>
    <description>Recent content in Study for Extra Master on Study Extra Master</description>
    <generator>Hugo -- gohugo.io</generator>
    <language>en-us</language>
    
	  <atom:link href="https://anirbanmarine.in/index.xml" rel="self" type="application/rss+xml" />
    
    
      
      
    
    
  </channel>
</rss>
