<rss version="2.0" xmlns:atom="http://www.w3.org/2005/Atom">
  <channel>
    <title>Study Extra Master – Fishing</title>
    <link>https://anirbanmarine.in/docs/partc/em301/marineres/marfish/</link>
    <description>Recent content in Fishing on Study Extra Master</description>
    <generator>Hugo -- gohugo.io</generator>
    <language>en-us</language>
    
	  <atom:link href="https://anirbanmarine.in/docs/partc/em301/marineres/marfish/index.xml" rel="self" type="application/rss+xml" />
    
    
      
        
      
    
    
    <item>
      <title>Conservation of resources</title>
      <link>https://anirbanmarine.in/docs/partc/em301/marineres/marfish/conserv/</link>
      <pubDate>Mon, 01 Jan 0001 00:00:00 +0000</pubDate>
      
      <guid>https://anirbanmarine.in/docs/partc/em301/marineres/marfish/conserv/</guid>
      <description>
        
        
        &lt;h2&gt;What is Conservation of Marine Resources&lt;span class=&#34;absolute -mt-20&#34; id=&#34;what-is-conservation-of-marine-resources&#34;&gt;&lt;/span&gt;
    &lt;a href=&#34;#what-is-conservation-of-marine-resources&#34; class=&#34;subheading-anchor&#34; aria-label=&#34;Permalink for this section&#34;&gt;&lt;/a&gt;&lt;/h2&gt;&lt;p&gt;Conservation of marine resources is the protection and preservation of ecosystems in oceans and seas through planned management in order to prevent the over-exploitation of these marine resources.&lt;/p&gt;
&lt;h2&gt;There are a number of different ways to conserve marine resources, including:&lt;span class=&#34;absolute -mt-20&#34; id=&#34;there-are-a-number-of-different-ways-to-conserve-marine-resources-including&#34;&gt;&lt;/span&gt;
    &lt;a href=&#34;#there-are-a-number-of-different-ways-to-conserve-marine-resources-including&#34; class=&#34;subheading-anchor&#34; aria-label=&#34;Permalink for this section&#34;&gt;&lt;/a&gt;&lt;/h2&gt;&lt;h3&gt;Marine protected areas (MPAs):&lt;span class=&#34;absolute -mt-20&#34; id=&#34;marine-protected-areas-mpas&#34;&gt;&lt;/span&gt;
    &lt;a href=&#34;#marine-protected-areas-mpas&#34; class=&#34;subheading-anchor&#34; aria-label=&#34;Permalink for this section&#34;&gt;&lt;/a&gt;&lt;/h3&gt;&lt;p&gt;MPAs are areas of the ocean where certain activities, such as fishing or mining, are restricted or prohibited. MPAs can help to protect marine ecosystems and the species that live in them.&lt;/p&gt;
&lt;h3&gt;Sustainable fishing practices:&lt;span class=&#34;absolute -mt-20&#34; id=&#34;sustainable-fishing-practices&#34;&gt;&lt;/span&gt;
    &lt;a href=&#34;#sustainable-fishing-practices&#34; class=&#34;subheading-anchor&#34; aria-label=&#34;Permalink for this section&#34;&gt;&lt;/a&gt;&lt;/h3&gt;&lt;p&gt;Sustainable fishing practices are those that allow fish populations to replenish themselves. This can be achieved by using selective fishing gear, setting catch limits, and avoiding fishing during spawning seasons.&lt;/p&gt;
&lt;h3&gt;Pollution reduction:&lt;span class=&#34;absolute -mt-20&#34; id=&#34;pollution-reduction&#34;&gt;&lt;/span&gt;
    &lt;a href=&#34;#pollution-reduction&#34; class=&#34;subheading-anchor&#34; aria-label=&#34;Permalink for this section&#34;&gt;&lt;/a&gt;&lt;/h3&gt;&lt;p&gt;Marine pollution can have a devastating impact on marine resources. Reducing pollution from land-based sources, such as agricultural runoff and sewage, is essential for protecting marine ecosystems.&lt;/p&gt;
&lt;h3&gt;Climate change adaptation and mitigation:&lt;span class=&#34;absolute -mt-20&#34; id=&#34;climate-change-adaptation-and-mitigation&#34;&gt;&lt;/span&gt;
    &lt;a href=&#34;#climate-change-adaptation-and-mitigation&#34; class=&#34;subheading-anchor&#34; aria-label=&#34;Permalink for this section&#34;&gt;&lt;/a&gt;&lt;/h3&gt;&lt;p&gt;Climate change is a major threat to marine resources. Adapting to climate change impacts, such as sea level rise and ocean acidification, is essential for protecting marine ecosystems. Mitigating climate change by reducing greenhouse gas emissions is also important.&lt;/p&gt;
&lt;h3&gt;Protection of endangered and threatened species:&lt;span class=&#34;absolute -mt-20&#34; id=&#34;protection-of-endangered-and-threatened-species&#34;&gt;&lt;/span&gt;
    &lt;a href=&#34;#protection-of-endangered-and-threatened-species&#34; class=&#34;subheading-anchor&#34; aria-label=&#34;Permalink for this section&#34;&gt;&lt;/a&gt;&lt;/h3&gt;&lt;p&gt;Some marine species are endangered or threatened due to a variety of factors, including overfishing, habitat loss, and pollution. Protecting these species is important for maintaining the health and diversity of marine ecosystems.&lt;/p&gt;
&lt;h3&gt;Restoration and rehabilitation:&lt;span class=&#34;absolute -mt-20&#34; id=&#34;restoration-and-rehabilitation&#34;&gt;&lt;/span&gt;
    &lt;a href=&#34;#restoration-and-rehabilitation&#34; class=&#34;subheading-anchor&#34; aria-label=&#34;Permalink for this section&#34;&gt;&lt;/a&gt;&lt;/h3&gt;&lt;p&gt;Marine ecosystems can be damaged by a variety of human activities. Restoring and rehabilitating damaged marine ecosystems is important for protecting marine resources and the services they provide.&lt;/p&gt;
&lt;h3&gt;Community-based conservation:&lt;span class=&#34;absolute -mt-20&#34; id=&#34;community-based-conservation&#34;&gt;&lt;/span&gt;
    &lt;a href=&#34;#community-based-conservation&#34; class=&#34;subheading-anchor&#34; aria-label=&#34;Permalink for this section&#34;&gt;&lt;/a&gt;&lt;/h3&gt;&lt;p&gt;Community-based conservation involves working with local communities to protect and manage marine resources. This approach can be effective because local communities have a vested interest in the sustainable use of marine resources.&lt;/p&gt;
&lt;h3&gt;Coastal development management:&lt;span class=&#34;absolute -mt-20&#34; id=&#34;coastal-development-management&#34;&gt;&lt;/span&gt;
    &lt;a href=&#34;#coastal-development-management&#34; class=&#34;subheading-anchor&#34; aria-label=&#34;Permalink for this section&#34;&gt;&lt;/a&gt;&lt;/h3&gt;&lt;p&gt;Coastal development can have a negative impact on marine resources. Managing coastal development in a sustainable way is important for protecting marine ecosystems.&lt;/p&gt;
&lt;p&gt;Individuals can also play a role in conserving marine resources by making sustainable choices, such as:&lt;/p&gt;
&lt;ul&gt;
&lt;li&gt;Reducing their consumption of seafood.&lt;/li&gt;
&lt;li&gt;Choosing seafood that has been caught or farmed sustainably.&lt;/li&gt;
&lt;li&gt;Avoiding disposable plastics.&lt;/li&gt;
&lt;li&gt;Disposing of waste properly.&lt;/li&gt;
&lt;li&gt;Educating others about the importance of marine conservation.&lt;/li&gt;
&lt;li&gt;By taking action to conserve marine resources, we can help to protect these vital ecosystems for future generations.&lt;/li&gt;
&lt;/ul&gt;

      </description>
    </item>
    
    <item>
      <title>Demersal and Pelagic fishing</title>
      <link>https://anirbanmarine.in/docs/partc/em301/marineres/marfish/demerpelag/</link>
      <pubDate>Mon, 01 Jan 0001 00:00:00 +0000</pubDate>
      
      <guid>https://anirbanmarine.in/docs/partc/em301/marineres/marfish/demerpelag/</guid>
      <description>
        
        
        &lt;p&gt;Demersal and pelagic fishing are two different types of fishing that target different types of fish in different habitats.&lt;/p&gt;
&lt;h2&gt;Demersal fishing&lt;span class=&#34;absolute -mt-20&#34; id=&#34;demersal-fishing&#34;&gt;&lt;/span&gt;
    &lt;a href=&#34;#demersal-fishing&#34; class=&#34;subheading-anchor&#34; aria-label=&#34;Permalink for this section&#34;&gt;&lt;/a&gt;&lt;/h2&gt;&lt;p&gt;is the fishing of fish that live on or near the bottom of the ocean. These fish are also known as groundfish. Demersal fish are typically caught using bottom trawls, gillnets, and longlines.Some examples of demersal fish include cod, haddock, flounder, sole, and shrimp.&lt;/p&gt;
&lt;h2&gt;Pelagic fishing&lt;span class=&#34;absolute -mt-20&#34; id=&#34;pelagic-fishing&#34;&gt;&lt;/span&gt;
    &lt;a href=&#34;#pelagic-fishing&#34; class=&#34;subheading-anchor&#34; aria-label=&#34;Permalink for this section&#34;&gt;&lt;/a&gt;&lt;/h2&gt;&lt;p&gt;is the fishing of fish that live in the open ocean, away from the bottom. These fish are also known as midwater fish. Pelagic fish are typically caught using purse seines, pelagic trawls, and troll lines.Some examples of pelagic fish include tuna, mackerel, herring, and sardines.&lt;/p&gt;
&lt;p&gt;Both demersal and pelagic fishing can have a significant impact on marine ecosystems. Overfishing is a major threat to both types of fish populations. Demersal fishing can also damage the seabed, which can impact other marine organisms. Pelagic fishing can lead to bycatch, which is the accidental capture of non-target species, such as seabirds and dolphins.&lt;/p&gt;
&lt;p&gt;It is important to manage demersal and pelagic fisheries sustainably to ensure that these resources remain available for future generations. Some sustainable fishing practices include:&lt;/p&gt;
&lt;ol&gt;
&lt;li&gt;Using selective fishing gear to avoid bycatch.&lt;/li&gt;
&lt;li&gt;Setting catch limits to prevent overfishing.&lt;/li&gt;
&lt;li&gt;Protecting spawning grounds and other important fish habitats.&lt;/li&gt;
&lt;li&gt;Monitoring fish populations to ensure that they are healthy and sustainable.&lt;/li&gt;
&lt;/ol&gt;
&lt;p&gt;Individuals can also play a role in supporting sustainable demersal and pelagic fisheries by choosing seafood that has been caught or farmed sustainably.&lt;/p&gt;

      </description>
    </item>
    
    <item>
      <title>Fish Types</title>
      <link>https://anirbanmarine.in/docs/partc/em301/marineres/marfish/fishtyp/</link>
      <pubDate>Mon, 01 Jan 0001 00:00:00 +0000</pubDate>
      
      <guid>https://anirbanmarine.in/docs/partc/em301/marineres/marfish/fishtyp/</guid>
      <description>
        
        
        &lt;h2&gt;Fish Types&lt;span class=&#34;absolute -mt-20&#34; id=&#34;fish-types&#34;&gt;&lt;/span&gt;
    &lt;a href=&#34;#fish-types&#34; class=&#34;subheading-anchor&#34; aria-label=&#34;Permalink for this section&#34;&gt;&lt;/a&gt;&lt;/h2&gt;&lt;p&gt;Types of fish marine resources can be classified according to their body type, habitat, or commercial value.&lt;/p&gt;
&lt;h3&gt;According to body type:&lt;span class=&#34;absolute -mt-20&#34; id=&#34;according-to-body-type&#34;&gt;&lt;/span&gt;
    &lt;a href=&#34;#according-to-body-type&#34; class=&#34;subheading-anchor&#34; aria-label=&#34;Permalink for this section&#34;&gt;&lt;/a&gt;&lt;/h3&gt;&lt;h4&gt;Bony fish:&lt;span class=&#34;absolute -mt-20&#34; id=&#34;bony-fish&#34;&gt;&lt;/span&gt;
    &lt;a href=&#34;#bony-fish&#34; class=&#34;subheading-anchor&#34; aria-label=&#34;Permalink for this section&#34;&gt;&lt;/a&gt;&lt;/h4&gt;&lt;p&gt;This is the largest group of fish, accounting for over 95% of all fish species. They have a skeleton made of bone and a swim bladder that helps them control their buoyancy. Examples of bony fish include tuna, cod, salmon, and herring.&lt;/p&gt;
&lt;h4&gt;Cartilaginous fish:&lt;span class=&#34;absolute -mt-20&#34; id=&#34;cartilaginous-fish&#34;&gt;&lt;/span&gt;
    &lt;a href=&#34;#cartilaginous-fish&#34; class=&#34;subheading-anchor&#34; aria-label=&#34;Permalink for this section&#34;&gt;&lt;/a&gt;&lt;/h4&gt;&lt;p&gt;This group includes sharks, rays, and skates. They have a skeleton made of cartilage, which is lighter and more flexible than bone. Cartilaginous fish also do not have a swim bladder.&lt;/p&gt;
&lt;h4&gt;Jawless fish:&lt;span class=&#34;absolute -mt-20&#34; id=&#34;jawless-fish&#34;&gt;&lt;/span&gt;
    &lt;a href=&#34;#jawless-fish&#34; class=&#34;subheading-anchor&#34; aria-label=&#34;Permalink for this section&#34;&gt;&lt;/a&gt;&lt;/h4&gt;&lt;p&gt;This is the most primitive group of fish, and includes lampreys and hagfishes. They do not have jaws or paired fins.&lt;/p&gt;
&lt;h3&gt;According to habitat:&lt;span class=&#34;absolute -mt-20&#34; id=&#34;according-to-habitat&#34;&gt;&lt;/span&gt;
    &lt;a href=&#34;#according-to-habitat&#34; class=&#34;subheading-anchor&#34; aria-label=&#34;Permalink for this section&#34;&gt;&lt;/a&gt;&lt;/h3&gt;&lt;h4&gt;Pelagic fish:&lt;span class=&#34;absolute -mt-20&#34; id=&#34;pelagic-fish&#34;&gt;&lt;/span&gt;
    &lt;a href=&#34;#pelagic-fish&#34; class=&#34;subheading-anchor&#34; aria-label=&#34;Permalink for this section&#34;&gt;&lt;/a&gt;&lt;/h4&gt;&lt;p&gt;These fish live in the open ocean, away from the coast. Examples of pelagic fish include tuna, mackerel, and swordfish.&lt;/p&gt;
&lt;h4&gt;Demersal fish:&lt;span class=&#34;absolute -mt-20&#34; id=&#34;demersal-fish&#34;&gt;&lt;/span&gt;
    &lt;a href=&#34;#demersal-fish&#34; class=&#34;subheading-anchor&#34; aria-label=&#34;Permalink for this section&#34;&gt;&lt;/a&gt;&lt;/h4&gt;&lt;p&gt;These fish live on or near the bottom of the ocean. Examples of demersal fish include cod, haddock, and flounder.&lt;/p&gt;
&lt;h4&gt;Reef fish:&lt;span class=&#34;absolute -mt-20&#34; id=&#34;reef-fish&#34;&gt;&lt;/span&gt;
    &lt;a href=&#34;#reef-fish&#34; class=&#34;subheading-anchor&#34; aria-label=&#34;Permalink for this section&#34;&gt;&lt;/a&gt;&lt;/h4&gt;&lt;p&gt;These fish live in coral reefs and other rocky structures. Examples of reef fish include clownfish, parrotfish, and angelfish.&lt;/p&gt;
&lt;h3&gt;According to commercial value:&lt;span class=&#34;absolute -mt-20&#34; id=&#34;according-to-commercial-value&#34;&gt;&lt;/span&gt;
    &lt;a href=&#34;#according-to-commercial-value&#34; class=&#34;subheading-anchor&#34; aria-label=&#34;Permalink for this section&#34;&gt;&lt;/a&gt;&lt;/h3&gt;&lt;h4&gt;Food fish:&lt;span class=&#34;absolute -mt-20&#34; id=&#34;food-fish&#34;&gt;&lt;/span&gt;
    &lt;a href=&#34;#food-fish&#34; class=&#34;subheading-anchor&#34; aria-label=&#34;Permalink for this section&#34;&gt;&lt;/a&gt;&lt;/h4&gt;&lt;p&gt;These fish are caught and sold for human consumption. Examples of food fish include tuna, salmon, cod, and shrimp.&lt;/p&gt;
&lt;h4&gt;Industrial fish:&lt;span class=&#34;absolute -mt-20&#34; id=&#34;industrial-fish&#34;&gt;&lt;/span&gt;
    &lt;a href=&#34;#industrial-fish&#34; class=&#34;subheading-anchor&#34; aria-label=&#34;Permalink for this section&#34;&gt;&lt;/a&gt;&lt;/h4&gt;&lt;p&gt;These fish are caught and processed for non-food products, such as fishmeal and fish oil. Examples of industrial fish include anchovies and menhaden.&lt;/p&gt;
&lt;h4&gt;Ornamental fish:&lt;span class=&#34;absolute -mt-20&#34; id=&#34;ornamental-fish&#34;&gt;&lt;/span&gt;
    &lt;a href=&#34;#ornamental-fish&#34; class=&#34;subheading-anchor&#34; aria-label=&#34;Permalink for this section&#34;&gt;&lt;/a&gt;&lt;/h4&gt;&lt;p&gt;These fish are caught and sold for use in aquariums. Examples of ornamental fish include clownfish, angelfish, and goldfish.&lt;/p&gt;
&lt;h3&gt;Some of the most important marine fish resources in the world include:&lt;span class=&#34;absolute -mt-20&#34; id=&#34;some-of-the-most-important-marine-fish-resources-in-the-world-include&#34;&gt;&lt;/span&gt;
    &lt;a href=&#34;#some-of-the-most-important-marine-fish-resources-in-the-world-include&#34; class=&#34;subheading-anchor&#34; aria-label=&#34;Permalink for this section&#34;&gt;&lt;/a&gt;&lt;/h3&gt;&lt;p&gt;Tuna
Salmon
Cod
Herring
Mackerel
Shrimp
Anchovies
Menhaden
Sardines
Pollock
Hake
Flatfish&lt;/p&gt;
&lt;p&gt;These fish are important sources of food, protein, and other nutrients for people around the world. They are also important for the marine ecosystem, playing a role in the food chain and helping to maintain balance in the ocean.&lt;/p&gt;
&lt;p&gt;However, many marine fish populations are threatened by overfishing, habitat destruction, and pollution. It is important to manage these resources sustainably to ensure that they remain available for future generations.&lt;/p&gt;

      </description>
    </item>
    
    <item>
      <title>Fishing Factory Vessels</title>
      <link>https://anirbanmarine.in/docs/partc/em301/marineres/marfish/fishfactory/</link>
      <pubDate>Mon, 01 Jan 0001 00:00:00 +0000</pubDate>
      
      <guid>https://anirbanmarine.in/docs/partc/em301/marineres/marfish/fishfactory/</guid>
      <description>
        
        
        &lt;h2&gt;What are Fishing Factory Vessels?&lt;span class=&#34;absolute -mt-20&#34; id=&#34;what-are-fishing-factory-vessels&#34;&gt;&lt;/span&gt;
    &lt;a href=&#34;#what-are-fishing-factory-vessels&#34; class=&#34;subheading-anchor&#34; aria-label=&#34;Permalink for this section&#34;&gt;&lt;/a&gt;&lt;/h2&gt;&lt;p&gt;Fishing factory vessels (FFVs) are large ocean-going ships that are equipped to catch, process, and store fish. They are also known as fish processing vessels, mother ships, or floating factories. FFVs are typically used to fish in remote waters, where they can stay at sea for months at a time.&lt;/p&gt;
&lt;p&gt;FFVs are highly efficient fishing vessels that can catch and process large quantities of fish. They are also equipped with sophisticated freezing and storage facilities, which allow them to maintain the freshness of the fish. FFVs produce a wide variety of fish products, including frozen fillets, canned fish, fishmeal, and fish oil.&lt;/p&gt;
&lt;p&gt;FFVs play a major role in the global seafood industry. They account for a significant share of the world&amp;rsquo;s total fish catch. FFVs are particularly important for the fishing industries of developing countries, which often lack the resources to invest in large-scale fishing fleets.&lt;/p&gt;
&lt;h2&gt;Types of FFVs&lt;span class=&#34;absolute -mt-20&#34; id=&#34;types-of-ffvs&#34;&gt;&lt;/span&gt;
    &lt;a href=&#34;#types-of-ffvs&#34; class=&#34;subheading-anchor&#34; aria-label=&#34;Permalink for this section&#34;&gt;&lt;/a&gt;&lt;/h2&gt;&lt;p&gt;There are a variety of different types of FFVs, each of which is designed to fish for specific types of fish. Some of the most common types of FFVs include:&lt;/p&gt;
&lt;h3&gt;Freezer trawlers:&lt;span class=&#34;absolute -mt-20&#34; id=&#34;freezer-trawlers&#34;&gt;&lt;/span&gt;
    &lt;a href=&#34;#freezer-trawlers&#34; class=&#34;subheading-anchor&#34; aria-label=&#34;Permalink for this section&#34;&gt;&lt;/a&gt;&lt;/h3&gt;&lt;p&gt;Freezer trawlers are large ships that are equipped with large nets that are dragged behind the ship to catch fish. The fish are then processed and frozen on board the ship.&lt;/p&gt;
&lt;h3&gt;Longline factory vessels:&lt;span class=&#34;absolute -mt-20&#34; id=&#34;longline-factory-vessels&#34;&gt;&lt;/span&gt;
    &lt;a href=&#34;#longline-factory-vessels&#34; class=&#34;subheading-anchor&#34; aria-label=&#34;Permalink for this section&#34;&gt;&lt;/a&gt;&lt;/h3&gt;&lt;p&gt;Longline factory vessels use longlines, which are fishing lines with thousands of hooks attached. The longlines are baited and set out in the water. When a fish bites the hook, it is pulled up to the ship and processed.&lt;/p&gt;
&lt;h3&gt;Purse seine freezer vessels:&lt;span class=&#34;absolute -mt-20&#34; id=&#34;purse-seine-freezer-vessels&#34;&gt;&lt;/span&gt;
    &lt;a href=&#34;#purse-seine-freezer-vessels&#34; class=&#34;subheading-anchor&#34; aria-label=&#34;Permalink for this section&#34;&gt;&lt;/a&gt;&lt;/h3&gt;&lt;p&gt;Purse seine freezer vessels use large nets to encircle schools of fish. The nets are then drawn together and the fish are pumped on board the ship for processing and freezing.&lt;/p&gt;
&lt;h2&gt;Benefits of FFVs&lt;span class=&#34;absolute -mt-20&#34; id=&#34;benefits-of-ffvs&#34;&gt;&lt;/span&gt;
    &lt;a href=&#34;#benefits-of-ffvs&#34; class=&#34;subheading-anchor&#34; aria-label=&#34;Permalink for this section&#34;&gt;&lt;/a&gt;&lt;/h2&gt;&lt;p&gt;FFVs offer a number of benefits over smaller fishing vessels. Some of the key benefits of FFVs include:&lt;/p&gt;
&lt;h3&gt;Efficiency:&lt;span class=&#34;absolute -mt-20&#34; id=&#34;efficiency&#34;&gt;&lt;/span&gt;
    &lt;a href=&#34;#efficiency&#34; class=&#34;subheading-anchor&#34; aria-label=&#34;Permalink for this section&#34;&gt;&lt;/a&gt;&lt;/h3&gt;&lt;p&gt;FFVs are highly efficient fishing vessels that can catch and process large quantities of fish. This is because they are equipped with state-of-the-art fishing gear and processing equipment.&lt;/p&gt;
&lt;h3&gt;Sustainability:&lt;span class=&#34;absolute -mt-20&#34; id=&#34;sustainability&#34;&gt;&lt;/span&gt;
    &lt;a href=&#34;#sustainability&#34; class=&#34;subheading-anchor&#34; aria-label=&#34;Permalink for this section&#34;&gt;&lt;/a&gt;&lt;/h3&gt;&lt;p&gt;FFVs can help to promote sustainable fishing practices. This is because they are able to fish in remote waters, where there is less competition for fish resources. Additionally, FFVs are required to comply with strict regulations that are designed to protect fish populations.&lt;/p&gt;
&lt;h3&gt;Economic benefits:&lt;span class=&#34;absolute -mt-20&#34; id=&#34;economic-benefits&#34;&gt;&lt;/span&gt;
    &lt;a href=&#34;#economic-benefits&#34; class=&#34;subheading-anchor&#34; aria-label=&#34;Permalink for this section&#34;&gt;&lt;/a&gt;&lt;/h3&gt;&lt;p&gt;FFVs provide significant economic benefits to the countries in which they operate. They create jobs, generate export revenue, and contribute to the local economy.&lt;/p&gt;
&lt;h2&gt;Challenges of FFVs&lt;span class=&#34;absolute -mt-20&#34; id=&#34;challenges-of-ffvs&#34;&gt;&lt;/span&gt;
    &lt;a href=&#34;#challenges-of-ffvs&#34; class=&#34;subheading-anchor&#34; aria-label=&#34;Permalink for this section&#34;&gt;&lt;/a&gt;&lt;/h2&gt;&lt;p&gt;FFVs also face a number of challenges, including:&lt;/p&gt;
&lt;ol&gt;
&lt;li&gt;
&lt;p&gt;Overfishing: FFVs have the potential to overfish fishstocks, particularly if they are not properly managed. It is important to ensure that FFVs operate within sustainable limits and that they comply with all applicable fishing regulations.&lt;/p&gt;
&lt;/li&gt;
&lt;li&gt;
&lt;p&gt;Environmental impact: FFVs can have a negative impact on the environment, particularly when they operate in fragile ecosystems. For example, bottom trawling can damage seafloor habitats and fishing gear can entangle and kill marine mammals and other non-target species. It is important to minimize the environmental impact of FFVs by implementing responsible fishing practices and by using environmentally friendly fishing gear.&lt;/p&gt;
&lt;/li&gt;
&lt;li&gt;
&lt;p&gt;Human rights concerns: There have been reports of human rights abuses on board some FFVs, including forced labor and child labor. It is important to ensure that FFVs operate in a responsible and ethical manner and that the rights of their crews are protected.&lt;/p&gt;
&lt;/li&gt;
&lt;/ol&gt;
&lt;p&gt;Overall, FFVs play an important role in the global seafood industry. However, it is important to manage them carefully to ensure that they operate in a sustainable and responsible manner.&lt;/p&gt;

      </description>
    </item>
    
    <item>
      <title>Geographical location of fishing grounds</title>
      <link>https://anirbanmarine.in/docs/partc/em301/marineres/marfish/fishgrnd/</link>
      <pubDate>Mon, 01 Jan 0001 00:00:00 +0000</pubDate>
      
      <guid>https://anirbanmarine.in/docs/partc/em301/marineres/marfish/fishgrnd/</guid>
      <description>
        
        
        &lt;h2&gt;What are fishing grounds?&lt;span class=&#34;absolute -mt-20&#34; id=&#34;what-are-fishing-grounds&#34;&gt;&lt;/span&gt;
    &lt;a href=&#34;#what-are-fishing-grounds&#34; class=&#34;subheading-anchor&#34; aria-label=&#34;Permalink for this section&#34;&gt;&lt;/a&gt;&lt;/h2&gt;&lt;p&gt;Fishing grounds are areas of the ocean where fish are abundant and can be caught commercially. They are typically located in areas where there is a lot of food for fish, such as near continental shelves, upwelling areas, and around coral reefs.&lt;/p&gt;
&lt;p&gt;The geographical location of fishing grounds varies depending on the type of fish being targeted. For example, tuna fishing grounds are typically located in tropical and subtropical waters, while cod fishing grounds are typically located in colder waters.&lt;/p&gt;
&lt;h2&gt;Some of the most important fishing grounds in the world include:&lt;span class=&#34;absolute -mt-20&#34; id=&#34;some-of-the-most-important-fishing-grounds-in-the-world-include&#34;&gt;&lt;/span&gt;
    &lt;a href=&#34;#some-of-the-most-important-fishing-grounds-in-the-world-include&#34; class=&#34;subheading-anchor&#34; aria-label=&#34;Permalink for this section&#34;&gt;&lt;/a&gt;&lt;/h2&gt;&lt;ol&gt;
&lt;li&gt;The North Atlantic, including the Gulf of Maine, the Grand Banks of Newfoundland, and the Norwegian Sea.&lt;/li&gt;
&lt;li&gt;The Northeast Pacific, including the Bering Sea and the Gulf of Alaska.&lt;/li&gt;
&lt;li&gt;The Northwest Pacific, including the East China Sea and the Yellow Sea.&lt;/li&gt;
&lt;li&gt;The Southeast Pacific, including the Humboldt Current and the Patagonian Shelf.&lt;/li&gt;
&lt;li&gt;The Southwest Atlantic, including the Falkland Islands and the Gulf of Guinea.&lt;/li&gt;
&lt;li&gt;The Indian Ocean, including the Arabian Sea and the Bay of Bengal.&lt;/li&gt;
&lt;/ol&gt;
&lt;p&gt;These fishing grounds support a wide range of commercial fisheries, which provide food and jobs for millions of people around the world.&lt;/p&gt;
&lt;p&gt;However, it is important to note that many fishing grounds are under pressure from overfishing and other threats. It is important to manage these resources sustainably to ensure that they remain productive for future generations.&lt;/p&gt;

      </description>
    </item>
    
    <item>
      <title>Marine Fish Farming</title>
      <link>https://anirbanmarine.in/docs/partc/em301/marineres/marfish/fishfarm/</link>
      <pubDate>Mon, 01 Jan 0001 00:00:00 +0000</pubDate>
      
      <guid>https://anirbanmarine.in/docs/partc/em301/marineres/marfish/fishfarm/</guid>
      <description>
        
        
        &lt;h2&gt;What is Marine Fish farming?&lt;span class=&#34;absolute -mt-20&#34; id=&#34;what-is-marine-fish-farming&#34;&gt;&lt;/span&gt;
    &lt;a href=&#34;#what-is-marine-fish-farming&#34; class=&#34;subheading-anchor&#34; aria-label=&#34;Permalink for this section&#34;&gt;&lt;/a&gt;&lt;/h2&gt;&lt;p&gt;Marine fish farming is the cultivation of marine fish in enclosed areas, such as coastal waters, offshore cages, or tanks. It is a rapidly growing industry, as it offers a number of advantages over wild fishing, including:&lt;/p&gt;
&lt;ol&gt;
&lt;li&gt;
&lt;p&gt;Sustainability: Marine fish farming can help to reduce the pressure on wild fish populations. This is because farmed fish are raised in controlled environments, where they are less susceptible to overfishing and other stressors.&lt;/p&gt;
&lt;/li&gt;
&lt;li&gt;
&lt;p&gt;Food security: Marine fish farming can help to meet the growing demand for seafood. As the world&amp;rsquo;s population continues to grow, so does the demand for protein. Marine fish farming can help to ensure that there is enough seafood to feed everyone.&lt;/p&gt;
&lt;/li&gt;
&lt;li&gt;
&lt;p&gt;Quality: Farmed fish can be raised to high standards of quality. This is because they are fed a controlled diet and are monitored for disease and parasites.&lt;/p&gt;
&lt;/li&gt;
&lt;/ol&gt;
&lt;p&gt;Marine fish farmingOpens in a new window
&lt;a href=&#34;https://www.researchgate.net&#34; target=&#34;_blank&#34; rel=&#34;noopener&#34;&gt;www.researchgate.net&lt;/a&gt;
&lt;img src=&#34;https://anirbanmarine.in/fishfarm.png&#34; alt=&#34;Marine fish farming&#34; loading=&#34;lazy&#34; /&gt;
Types of marine fish farming&lt;/p&gt;
&lt;h2&gt;There are two main types of marine fish farming:&lt;span class=&#34;absolute -mt-20&#34; id=&#34;there-are-two-main-types-of-marine-fish-farming&#34;&gt;&lt;/span&gt;
    &lt;a href=&#34;#there-are-two-main-types-of-marine-fish-farming&#34; class=&#34;subheading-anchor&#34; aria-label=&#34;Permalink for this section&#34;&gt;&lt;/a&gt;&lt;/h2&gt;&lt;h3&gt;Open-ocean fish farming:&lt;span class=&#34;absolute -mt-20&#34; id=&#34;open-ocean-fish-farming&#34;&gt;&lt;/span&gt;
    &lt;a href=&#34;#open-ocean-fish-farming&#34; class=&#34;subheading-anchor&#34; aria-label=&#34;Permalink for this section&#34;&gt;&lt;/a&gt;&lt;/h3&gt;&lt;p&gt;Open-ocean fish farming is the cultivation of fish in cages that are suspended in the open ocean. This type of fish farming is typically used to farm large pelagic fish, such as tuna and salmon.&lt;/p&gt;
&lt;h3&gt;Inshore fish farming:&lt;span class=&#34;absolute -mt-20&#34; id=&#34;inshore-fish-farming&#34;&gt;&lt;/span&gt;
    &lt;a href=&#34;#inshore-fish-farming&#34; class=&#34;subheading-anchor&#34; aria-label=&#34;Permalink for this section&#34;&gt;&lt;/a&gt;&lt;/h3&gt;&lt;p&gt;Inshore fish farming is the cultivation of fish in coastal waters, such as bays and estuaries. This type of fish farming is typically used to farm smaller fish, such as sea bass, sea bream, and shrimp.&lt;/p&gt;
&lt;h2&gt;Marine fish farming practices&lt;span class=&#34;absolute -mt-20&#34; id=&#34;marine-fish-farming-practices&#34;&gt;&lt;/span&gt;
    &lt;a href=&#34;#marine-fish-farming-practices&#34; class=&#34;subheading-anchor&#34; aria-label=&#34;Permalink for this section&#34;&gt;&lt;/a&gt;&lt;/h2&gt;&lt;p&gt;Marine fish farming practices vary depending on the species of fish being farmed and the type of farming system being used. However, there are some common practices that are followed by all marine fish farmers.&lt;/p&gt;
&lt;ol&gt;
&lt;li&gt;
&lt;p&gt;Site selection: It is important to select a suitable site for marine fish farming. The site should have good water quality, adequate currents, and be protected from storms and other natural hazards.&lt;/p&gt;
&lt;/li&gt;
&lt;li&gt;
&lt;p&gt;Feed: Marine fish are fed a variety of different types of feed, including pellets, flakes, and live feed. The type of feed that is used depends on the species of fish being farmed and the stage of life cycle of the fish.&lt;/p&gt;
&lt;/li&gt;
&lt;li&gt;
&lt;p&gt;Health management: Marine fish farmers must monitor the health of their fish and take steps to prevent disease and parasites. This is typically done by using vaccines and antibiotics, as well as by implementing good husbandry practices.&lt;/p&gt;
&lt;/li&gt;
&lt;li&gt;
&lt;p&gt;Harvesting: Marine fish are typically harvested when they reach a certain size. The fish are harvested using a variety of different methods, depending on the species of fish and the type of farming system being used.&lt;/p&gt;
&lt;/li&gt;
&lt;/ol&gt;
&lt;h2&gt;Challenges of marine fish farming&lt;span class=&#34;absolute -mt-20&#34; id=&#34;challenges-of-marine-fish-farming&#34;&gt;&lt;/span&gt;
    &lt;a href=&#34;#challenges-of-marine-fish-farming&#34; class=&#34;subheading-anchor&#34; aria-label=&#34;Permalink for this section&#34;&gt;&lt;/a&gt;&lt;/h2&gt;&lt;p&gt;Marine fish farming faces a number of challenges, including:&lt;/p&gt;
&lt;ul&gt;
&lt;li&gt;
&lt;p&gt;Environmental impact: Marine fish farming can have a negative impact on the environment if it is not done properly. For example, fish farms can pollute the water with waste products and can attract predators. It is important to implement environmentally friendly farming practices to minimize the impact on the environment.&lt;/p&gt;
&lt;/li&gt;
&lt;li&gt;
&lt;p&gt;Disease: Marine fish are susceptible to a variety of diseases. It is important to have a good health management plan in place to prevent disease outbreaks.&lt;/p&gt;
&lt;/li&gt;
&lt;li&gt;
&lt;p&gt;Cost: Marine fish farming can be expensive, particularly in the start-up phase. It is important to have a good business plan in place before starting a marine fish farm.&lt;/p&gt;
&lt;/li&gt;
&lt;/ul&gt;
&lt;h2&gt;Conclusion&lt;span class=&#34;absolute -mt-20&#34; id=&#34;conclusion&#34;&gt;&lt;/span&gt;
    &lt;a href=&#34;#conclusion&#34; class=&#34;subheading-anchor&#34; aria-label=&#34;Permalink for this section&#34;&gt;&lt;/a&gt;&lt;/h2&gt;&lt;p&gt;Marine fish farming is a growing industry that offers a number of advantages over wild fishing. However, it is important to manage marine fish farms carefully to minimize their environmental impact and ensure that they are profitable.&lt;/p&gt;

      </description>
    </item>
    
  </channel>
</rss>
