<rss version="2.0" xmlns:atom="http://www.w3.org/2005/Atom">
  <channel>
    <title>Study Extra Master – Marine Resources- Minerals</title>
    <link>https://anirbanmarine.in/docs/partc/em301/marineres/minerals/</link>
    <description>Recent content in Marine Resources- Minerals on Study Extra Master</description>
    <generator>Hugo -- gohugo.io</generator>
    <language>en-us</language>
    
	  <atom:link href="https://anirbanmarine.in/docs/partc/em301/marineres/minerals/index.xml" rel="self" type="application/rss+xml" />
    
    
      
        
      
    
    
    <item>
      <title>Desalination processes</title>
      <link>https://anirbanmarine.in/docs/partc/em301/marineres/minerals/desalination/</link>
      <pubDate>Mon, 01 Jan 0001 00:00:00 +0000</pubDate>
      
      <guid>https://anirbanmarine.in/docs/partc/em301/marineres/minerals/desalination/</guid>
      <description>
        
        
        &lt;h2&gt;There are two main types of desalination processes: thermal and membrane.&lt;span class=&#34;absolute -mt-20&#34; id=&#34;there-are-two-main-types-of-desalination-processes-thermal-and-membrane&#34;&gt;&lt;/span&gt;
    &lt;a href=&#34;#there-are-two-main-types-of-desalination-processes-thermal-and-membrane&#34; class=&#34;subheading-anchor&#34; aria-label=&#34;Permalink for this section&#34;&gt;&lt;/a&gt;&lt;/h2&gt;&lt;h3&gt;Thermal desalination&lt;span class=&#34;absolute -mt-20&#34; id=&#34;thermal-desalination&#34;&gt;&lt;/span&gt;
    &lt;a href=&#34;#thermal-desalination&#34; class=&#34;subheading-anchor&#34; aria-label=&#34;Permalink for this section&#34;&gt;&lt;/a&gt;&lt;/h3&gt;&lt;p&gt;processes use heat to evaporate seawater, leaving behind the salt and impurities. The most common thermal desalination processes are:&lt;/p&gt;
&lt;h4&gt;Multi-stage flash distillation (MSF):&lt;span class=&#34;absolute -mt-20&#34; id=&#34;multi-stage-flash-distillation-msf&#34;&gt;&lt;/span&gt;
    &lt;a href=&#34;#multi-stage-flash-distillation-msf&#34; class=&#34;subheading-anchor&#34; aria-label=&#34;Permalink for this section&#34;&gt;&lt;/a&gt;&lt;/h4&gt;&lt;p&gt;MSF is the most mature thermal desalination technology. In MSF, seawater is heated to a high temperature and then flashed into steam. The steam is then condensed to produce fresh water.&lt;/p&gt;
&lt;h4&gt;Multiple-effect distillation (MED):&lt;span class=&#34;absolute -mt-20&#34; id=&#34;multiple-effect-distillation-med&#34;&gt;&lt;/span&gt;
    &lt;a href=&#34;#multiple-effect-distillation-med&#34; class=&#34;subheading-anchor&#34; aria-label=&#34;Permalink for this section&#34;&gt;&lt;/a&gt;&lt;/h4&gt;&lt;p&gt;MED is similar to MSF, but it uses a series of chambers with different temperatures and pressures to improve efficiency.&lt;/p&gt;
&lt;h4&gt;Vapor compression distillation (VCD):&lt;span class=&#34;absolute -mt-20&#34; id=&#34;vapor-compression-distillation-vcd&#34;&gt;&lt;/span&gt;
    &lt;a href=&#34;#vapor-compression-distillation-vcd&#34; class=&#34;subheading-anchor&#34; aria-label=&#34;Permalink for this section&#34;&gt;&lt;/a&gt;&lt;/h4&gt;&lt;p&gt;VCD uses a compressor to increase the pressure of seawater. This causes the seawater to boil at a lower temperature, which reduces the energy required for the process.&lt;/p&gt;
&lt;h2&gt;Membrane desalination processes&lt;span class=&#34;absolute -mt-20&#34; id=&#34;membrane-desalination-processes&#34;&gt;&lt;/span&gt;
    &lt;a href=&#34;#membrane-desalination-processes&#34; class=&#34;subheading-anchor&#34; aria-label=&#34;Permalink for this section&#34;&gt;&lt;/a&gt;&lt;/h2&gt;&lt;p&gt;use semi-permeable membranes to filter out the salt and impurities from seawater. The most common membrane desalination process is reverse osmosis (RO).&lt;/p&gt;
&lt;h3&gt;Reverse osmosis (RO)&lt;span class=&#34;absolute -mt-20&#34; id=&#34;reverse-osmosis-ro&#34;&gt;&lt;/span&gt;
    &lt;a href=&#34;#reverse-osmosis-ro&#34; class=&#34;subheading-anchor&#34; aria-label=&#34;Permalink for this section&#34;&gt;&lt;/a&gt;&lt;/h3&gt;&lt;p&gt;works by applying pressure to seawater to force it through a semi-permeable membrane. The membrane allows water molecules to pass through, but it blocks the salt and impurities. RO is the most energy-efficient desalination process, and it is becoming increasingly popular as the cost of membranes has decreased.&lt;/p&gt;
&lt;p&gt;Other membrane desalination processes include:&lt;/p&gt;
&lt;h3&gt;Electrodialysis:&lt;span class=&#34;absolute -mt-20&#34; id=&#34;electrodialysis&#34;&gt;&lt;/span&gt;
    &lt;a href=&#34;#electrodialysis&#34; class=&#34;subheading-anchor&#34; aria-label=&#34;Permalink for this section&#34;&gt;&lt;/a&gt;&lt;/h3&gt;&lt;p&gt;Electrodialysis uses electrical energy to move ions through a series of membranes.&lt;/p&gt;
&lt;h3&gt;Nanofiltration:&lt;span class=&#34;absolute -mt-20&#34; id=&#34;nanofiltration&#34;&gt;&lt;/span&gt;
    &lt;a href=&#34;#nanofiltration&#34; class=&#34;subheading-anchor&#34; aria-label=&#34;Permalink for this section&#34;&gt;&lt;/a&gt;&lt;/h3&gt;&lt;p&gt;Nanofiltration is similar to RO, but it uses a different type of membrane that allows some smaller ions to pass through.&lt;/p&gt;
&lt;p&gt;The best desalination process for a particular application depends on a number of factors, including the salinity of the water, the required production capacity, the energy cost, and the environmental impact.&lt;/p&gt;
&lt;h2&gt;Advantages and disadvantages of desalination processes&lt;span class=&#34;absolute -mt-20&#34; id=&#34;advantages-and-disadvantages-of-desalination-processes&#34;&gt;&lt;/span&gt;
    &lt;a href=&#34;#advantages-and-disadvantages-of-desalination-processes&#34; class=&#34;subheading-anchor&#34; aria-label=&#34;Permalink for this section&#34;&gt;&lt;/a&gt;&lt;/h2&gt;&lt;h3&gt;Advantages&lt;span class=&#34;absolute -mt-20&#34; id=&#34;advantages&#34;&gt;&lt;/span&gt;
    &lt;a href=&#34;#advantages&#34; class=&#34;subheading-anchor&#34; aria-label=&#34;Permalink for this section&#34;&gt;&lt;/a&gt;&lt;/h3&gt;&lt;ol&gt;
&lt;li&gt;
&lt;p&gt;Desalination can provide a reliable source of fresh water in areas with limited freshwater resources.&lt;/p&gt;
&lt;/li&gt;
&lt;li&gt;
&lt;p&gt;Desalination can help to reduce stress on existing freshwater resources.&lt;/p&gt;
&lt;/li&gt;
&lt;li&gt;
&lt;p&gt;Desalination can create jobs and boost the economy.&lt;/p&gt;
&lt;/li&gt;
&lt;/ol&gt;
&lt;h3&gt;Disadvantages&lt;span class=&#34;absolute -mt-20&#34; id=&#34;disadvantages&#34;&gt;&lt;/span&gt;
    &lt;a href=&#34;#disadvantages&#34; class=&#34;subheading-anchor&#34; aria-label=&#34;Permalink for this section&#34;&gt;&lt;/a&gt;&lt;/h3&gt;&lt;ol&gt;
&lt;li&gt;
&lt;p&gt;Desalination can be expensive, especially for large-scale plants.&lt;/p&gt;
&lt;/li&gt;
&lt;li&gt;
&lt;p&gt;Desalination plants can consume a lot of energy.
Desalination plants can produce brine, which is a concentrated wastewater that can be difficult to dispose of.&lt;/p&gt;
&lt;/li&gt;
&lt;/ol&gt;
&lt;h2&gt;Conclusion&lt;span class=&#34;absolute -mt-20&#34; id=&#34;conclusion&#34;&gt;&lt;/span&gt;
    &lt;a href=&#34;#conclusion&#34; class=&#34;subheading-anchor&#34; aria-label=&#34;Permalink for this section&#34;&gt;&lt;/a&gt;&lt;/h2&gt;&lt;p&gt;Desalination is a growing technology that has the potential to help solve the world&amp;rsquo;s water crisis. However, it is important to weigh the advantages and disadvantages of desalination before building a desalination plant.&lt;/p&gt;

      </description>
    </item>
    
    <item>
      <title>Extraction of Minerals from seabed</title>
      <link>https://anirbanmarine.in/docs/partc/em301/marineres/minerals/mineralextraction/</link>
      <pubDate>Mon, 01 Jan 0001 00:00:00 +0000</pubDate>
      
      <guid>https://anirbanmarine.in/docs/partc/em301/marineres/minerals/mineralextraction/</guid>
      <description>
        
        
        &lt;h2&gt;Definition&lt;span class=&#34;absolute -mt-20&#34; id=&#34;definition&#34;&gt;&lt;/span&gt;
    &lt;a href=&#34;#definition&#34; class=&#34;subheading-anchor&#34; aria-label=&#34;Permalink for this section&#34;&gt;&lt;/a&gt;&lt;/h2&gt;&lt;p&gt;The extraction of minerals from the seabed is a relatively new and developing industry. It involves the retrieval of mineral deposits from the ocean floor at depths of 200 metres /660 feet or more.&lt;/p&gt;
&lt;p&gt;There are three main types of mineral deposits that are of interest for seabed mining: polymetallic nodules, seafloor massive sulfides (SMS), and cobalt-rich ferromanganese crusts.&lt;/p&gt;
&lt;h3&gt;Polymetallic nodules&lt;span class=&#34;absolute -mt-20&#34; id=&#34;polymetallic-nodules&#34;&gt;&lt;/span&gt;
    &lt;a href=&#34;#polymetallic-nodules&#34; class=&#34;subheading-anchor&#34; aria-label=&#34;Permalink for this section&#34;&gt;&lt;/a&gt;&lt;/h3&gt;&lt;p&gt;are potato-sized rocks that are found on the deep ocean floor. They contain a variety of metals, including nickel, copper, manganese, and cobalt.&lt;/p&gt;
&lt;h3&gt;Seafloor massive&lt;span class=&#34;absolute -mt-20&#34; id=&#34;seafloor-massive&#34;&gt;&lt;/span&gt;
    &lt;a href=&#34;#seafloor-massive&#34; class=&#34;subheading-anchor&#34; aria-label=&#34;Permalink for this section&#34;&gt;&lt;/a&gt;&lt;/h3&gt;&lt;p&gt;sulfides are formed by hydrothermal vents on the ocean floor. They contain a variety of metals, including copper, zinc, lead, gold, and silver.&lt;/p&gt;
&lt;h3&gt;Cobalt-rich ferromanganese crusts&lt;span class=&#34;absolute -mt-20&#34; id=&#34;cobalt-rich-ferromanganese-crusts&#34;&gt;&lt;/span&gt;
    &lt;a href=&#34;#cobalt-rich-ferromanganese-crusts&#34; class=&#34;subheading-anchor&#34; aria-label=&#34;Permalink for this section&#34;&gt;&lt;/a&gt;&lt;/h3&gt;&lt;p&gt;are thin layers of metal-rich material that coat rocks on the ocean floor. They contain a variety of metals, including cobalt, nickel, and manganese.&lt;/p&gt;
&lt;h2&gt;Extraction Process&lt;span class=&#34;absolute -mt-20&#34; id=&#34;extraction-process&#34;&gt;&lt;/span&gt;
    &lt;a href=&#34;#extraction-process&#34; class=&#34;subheading-anchor&#34; aria-label=&#34;Permalink for this section&#34;&gt;&lt;/a&gt;&lt;/h2&gt;&lt;p&gt;The extraction of minerals from the seabed is a complex and challenging process. The ocean floor is a hostile environment, and the mineral deposits are often located in deep water. This makes it difficult and expensive to mine the minerals.&lt;/p&gt;
&lt;p&gt;There are a number of different methods that are being developed for extracting minerals from the seabed.&lt;/p&gt;
&lt;ol&gt;
&lt;li&gt;
&lt;p&gt;One common method is to use a collector vehicle to collect the minerals from the ocean floor. The collector vehicle is then attached to a riser system that transports the minerals to a surface vessel.&lt;/p&gt;
&lt;/li&gt;
&lt;li&gt;
&lt;p&gt;Another method of extracting minerals from the seabed is to use a seafloor mining system. Seafloor mining systems are large machines that can be used to mine a variety of mineral deposits.&lt;/p&gt;
&lt;/li&gt;
&lt;/ol&gt;
&lt;p&gt;The extraction of minerals from the seabed is a controversial topic. Some people argue that seabed mining is necessary to meet the growing demand for metals. Others argue that seabed mining is too risky and that it could damage the marine environment.&lt;/p&gt;
&lt;p&gt;There are a number of environmental concerns associated with seabed mining.&lt;/p&gt;
&lt;ul&gt;
&lt;li&gt;
&lt;p&gt;One concern is that seabed mining could damage sensitive marine habitats.&lt;/p&gt;
&lt;/li&gt;
&lt;li&gt;
&lt;p&gt;Another concern is that seabed mining could release harmful chemicals and sediments into the water.&lt;/p&gt;
&lt;/li&gt;
&lt;li&gt;
&lt;p&gt;Noise pollution : Mining operations could produce a lot of noise which could disturb marine animals and disrupt heir communication.&lt;/p&gt;
&lt;/li&gt;
&lt;li&gt;
&lt;p&gt;Biodiversity loss of deep-sea species which are not well-studied and understood.&lt;/p&gt;
&lt;/li&gt;
&lt;/ul&gt;
&lt;p&gt;It is important to weigh the environmental risks and benefits of seabed mining before making a decision about whether or not to allow seabed mining to proceed.&lt;/p&gt;

      </description>
    </item>
    
    <item>
      <title>Methods of extracting minerals from seawater</title>
      <link>https://anirbanmarine.in/docs/partc/em301/marineres/minerals/mineralsextract/</link>
      <pubDate>Mon, 01 Jan 0001 00:00:00 +0000</pubDate>
      
      <guid>https://anirbanmarine.in/docs/partc/em301/marineres/minerals/mineralsextract/</guid>
      <description>
        
        
        &lt;h2&gt;Methods of extraction of Minerals&lt;span class=&#34;absolute -mt-20&#34; id=&#34;methods-of-extraction-of-minerals&#34;&gt;&lt;/span&gt;
    &lt;a href=&#34;#methods-of-extraction-of-minerals&#34; class=&#34;subheading-anchor&#34; aria-label=&#34;Permalink for this section&#34;&gt;&lt;/a&gt;&lt;/h2&gt;&lt;p&gt;There are a number of methods of extracting minerals from seawater. Some of the most common methods include:&lt;/p&gt;
&lt;h3&gt;Solar evaporation:&lt;span class=&#34;absolute -mt-20&#34; id=&#34;solar-evaporation&#34;&gt;&lt;/span&gt;
    &lt;a href=&#34;#solar-evaporation&#34; class=&#34;subheading-anchor&#34; aria-label=&#34;Permalink for this section&#34;&gt;&lt;/a&gt;&lt;/h3&gt;&lt;p&gt;This is the oldest and simplest method of extracting minerals from seawater. It involves using the sun&amp;rsquo;s heat to evaporate seawater, leaving behind the mineral salts. Solar evaporation is typically used to extract salt from seawater, but it can also be used to extract other minerals, such as magnesium and potassium.&lt;/p&gt;
&lt;h3&gt;Electrodialysis:&lt;span class=&#34;absolute -mt-20&#34; id=&#34;electrodialysis&#34;&gt;&lt;/span&gt;
    &lt;a href=&#34;#electrodialysis&#34; class=&#34;subheading-anchor&#34; aria-label=&#34;Permalink for this section&#34;&gt;&lt;/a&gt;&lt;/h3&gt;&lt;p&gt;This method uses electrical energy to separate minerals from seawater. Seawater is passed through a series of membranes that allow some ions to pass through but not others. This process can be used to extract a variety of minerals from seawater, including sodium chloride, magnesium chloride, and potassium chloride.&lt;/p&gt;
&lt;h3&gt;Membrane distillation crystallization (MDC):&lt;span class=&#34;absolute -mt-20&#34; id=&#34;membrane-distillation-crystallization-mdc&#34;&gt;&lt;/span&gt;
    &lt;a href=&#34;#membrane-distillation-crystallization-mdc&#34; class=&#34;subheading-anchor&#34; aria-label=&#34;Permalink for this section&#34;&gt;&lt;/a&gt;&lt;/h3&gt;&lt;p&gt;This method combines membrane distillation and crystallization to extract minerals from seawater. Seawater is passed through a membrane distillation unit, which removes water vapor from the solution. The remaining brine is then passed through a crystallization unit, where the minerals crystallize out. MDC can be used to extract a variety of minerals from seawater, including sodium chloride, magnesium chloride, and potassium chloride.&lt;/p&gt;
&lt;h3&gt;Adsorption/desorption:&lt;span class=&#34;absolute -mt-20&#34; id=&#34;adsorptiondesorption&#34;&gt;&lt;/span&gt;
    &lt;a href=&#34;#adsorptiondesorption&#34; class=&#34;subheading-anchor&#34; aria-label=&#34;Permalink for this section&#34;&gt;&lt;/a&gt;&lt;/h3&gt;&lt;p&gt;This method uses adsorbent materials to capture minerals from seawater. The adsorbent materials are then treated to release the minerals. Adsorption/desorption can be used to extract a variety of minerals from seawater, including lithium, cobalt, and manganese.&lt;/p&gt;
&lt;p&gt;In addition to these methods, there are a number of other emerging technologies that are being developed for extracting minerals from seawater. These technologies include:&lt;/p&gt;
&lt;h3&gt;Ion exchange resins:&lt;span class=&#34;absolute -mt-20&#34; id=&#34;ion-exchange-resins&#34;&gt;&lt;/span&gt;
    &lt;a href=&#34;#ion-exchange-resins&#34; class=&#34;subheading-anchor&#34; aria-label=&#34;Permalink for this section&#34;&gt;&lt;/a&gt;&lt;/h3&gt;&lt;p&gt;Ion exchange resins are materials that can selectively exchange one type of ion for another. These resins can be used to extract minerals from seawater by exchanging the mineral ions for other ions, such as sodium or hydrogen.&lt;/p&gt;
&lt;h3&gt;Bioleaching:&lt;span class=&#34;absolute -mt-20&#34; id=&#34;bioleaching&#34;&gt;&lt;/span&gt;
    &lt;a href=&#34;#bioleaching&#34; class=&#34;subheading-anchor&#34; aria-label=&#34;Permalink for this section&#34;&gt;&lt;/a&gt;&lt;/h3&gt;&lt;p&gt;Bioleaching is a process that uses microorganisms to dissolve minerals from rocks and ores. This process is already being used to extract minerals from land-based ores, and it has the potential to be used to extract minerals from seawater as well.&lt;/p&gt;
&lt;h3&gt;Electrowinning:&lt;span class=&#34;absolute -mt-20&#34; id=&#34;electrowinning&#34;&gt;&lt;/span&gt;
    &lt;a href=&#34;#electrowinning&#34; class=&#34;subheading-anchor&#34; aria-label=&#34;Permalink for this section&#34;&gt;&lt;/a&gt;&lt;/h3&gt;&lt;p&gt;Electrowinning is a process that uses electrical energy to deposit metals from a solution. This process is already being used to extract metals from land-based ores, and it has the potential to be used to extract metals from seawater as well.&lt;/p&gt;
&lt;p&gt;The best method for extracting minerals from seawater depends on a number of factors, including the type of mineral to be extracted, the concentration of the mineral in the seawater, and the cost and availability of energy.&lt;/p&gt;
&lt;h2&gt;Challenges of extracting minerals from seawater&lt;span class=&#34;absolute -mt-20&#34; id=&#34;challenges-of-extracting-minerals-from-seawater&#34;&gt;&lt;/span&gt;
    &lt;a href=&#34;#challenges-of-extracting-minerals-from-seawater&#34; class=&#34;subheading-anchor&#34; aria-label=&#34;Permalink for this section&#34;&gt;&lt;/a&gt;&lt;/h2&gt;&lt;p&gt;There are a number of challenges associated with extracting minerals from seawater.&lt;/p&gt;
&lt;h3&gt;One challenge&lt;span class=&#34;absolute -mt-20&#34; id=&#34;one-challenge&#34;&gt;&lt;/span&gt;
    &lt;a href=&#34;#one-challenge&#34; class=&#34;subheading-anchor&#34; aria-label=&#34;Permalink for this section&#34;&gt;&lt;/a&gt;&lt;/h3&gt;&lt;p&gt;is that the concentrations of most minerals in seawater are very low. This means that large volumes of seawater need to be processed to extract a relatively small amount of minerals.&lt;/p&gt;
&lt;h3&gt;Another challenge&lt;span class=&#34;absolute -mt-20&#34; id=&#34;another-challenge&#34;&gt;&lt;/span&gt;
    &lt;a href=&#34;#another-challenge&#34; class=&#34;subheading-anchor&#34; aria-label=&#34;Permalink for this section&#34;&gt;&lt;/a&gt;&lt;/h3&gt;&lt;p&gt;is that seawater is corrosive. This means that the equipment used to extract minerals from seawater needs to be made of materials that are resistant to corrosion.&lt;/p&gt;
&lt;h3&gt;Finally,&lt;span class=&#34;absolute -mt-20&#34; id=&#34;finally&#34;&gt;&lt;/span&gt;
    &lt;a href=&#34;#finally&#34; class=&#34;subheading-anchor&#34; aria-label=&#34;Permalink for this section&#34;&gt;&lt;/a&gt;&lt;/h3&gt;&lt;p&gt;extracting minerals from seawater can be energy-intensive. This is because many of the processes used to extract minerals from seawater require the use of pumps and other equipment that consume electricity.&lt;/p&gt;
&lt;h2&gt;Conclusion&lt;span class=&#34;absolute -mt-20&#34; id=&#34;conclusion&#34;&gt;&lt;/span&gt;
    &lt;a href=&#34;#conclusion&#34; class=&#34;subheading-anchor&#34; aria-label=&#34;Permalink for this section&#34;&gt;&lt;/a&gt;&lt;/h2&gt;&lt;p&gt;Despite the challenges, there is a growing interest in extracting minerals from seawater. This is because seawater contains a vast amount of dissolved minerals, and the demand for these minerals is growing. As technology improves and the cost of energy decreases, extracting minerals from seawater is likely to become more widespread.&lt;/p&gt;

      </description>
    </item>
    
    <item>
      <title>Sand and Gravel Dredging</title>
      <link>https://anirbanmarine.in/docs/partc/em301/marineres/minerals/sandgrvldredge/</link>
      <pubDate>Mon, 01 Jan 0001 00:00:00 +0000</pubDate>
      
      <guid>https://anirbanmarine.in/docs/partc/em301/marineres/minerals/sandgrvldredge/</guid>
      <description>
        
        
        &lt;h2&gt;Definition&lt;span class=&#34;absolute -mt-20&#34; id=&#34;definition&#34;&gt;&lt;/span&gt;
    &lt;a href=&#34;#definition&#34; class=&#34;subheading-anchor&#34; aria-label=&#34;Permalink for this section&#34;&gt;&lt;/a&gt;&lt;/h2&gt;&lt;p&gt;Sand and gravel dredging is the process of extracting sand and gravel from the bottom of rivers, lakes, oceans, and other bodies of water. It is a common method of obtaining these materials, which are used in a variety of construction and industrial applications.&lt;/p&gt;
&lt;h2&gt;There are two main types of sand and gravel dredging:&lt;span class=&#34;absolute -mt-20&#34; id=&#34;there-are-two-main-types-of-sand-and-gravel-dredging&#34;&gt;&lt;/span&gt;
    &lt;a href=&#34;#there-are-two-main-types-of-sand-and-gravel-dredging&#34; class=&#34;subheading-anchor&#34; aria-label=&#34;Permalink for this section&#34;&gt;&lt;/a&gt;&lt;/h2&gt;&lt;h3&gt;Hydraulic dredging:&lt;span class=&#34;absolute -mt-20&#34; id=&#34;hydraulic-dredging&#34;&gt;&lt;/span&gt;
    &lt;a href=&#34;#hydraulic-dredging&#34; class=&#34;subheading-anchor&#34; aria-label=&#34;Permalink for this section&#34;&gt;&lt;/a&gt;&lt;/h3&gt;&lt;p&gt;This type of dredging uses a pump to suck up sand and gravel from the bottom of the water body. The sand and gravel are then mixed with water and pumped to a processing plant, where the sand and gravel are separated from the water.&lt;/p&gt;
&lt;h3&gt;Mechanical dredging:&lt;span class=&#34;absolute -mt-20&#34; id=&#34;mechanical-dredging&#34;&gt;&lt;/span&gt;
    &lt;a href=&#34;#mechanical-dredging&#34; class=&#34;subheading-anchor&#34; aria-label=&#34;Permalink for this section&#34;&gt;&lt;/a&gt;&lt;/h3&gt;&lt;p&gt;This type of dredging uses a bucket or other mechanical device to scoop up sand and gravel from the bottom of the water body. The sand and gravel are then loaded onto a barge or other vessel and transported to a processing plant.&lt;/p&gt;
&lt;p&gt;The type of dredging used depends on the depth of the water body, the type of material to be dredged, and the environmental requirements.&lt;/p&gt;
&lt;h2&gt;Impacts of Dredging&lt;span class=&#34;absolute -mt-20&#34; id=&#34;impacts-of-dredging&#34;&gt;&lt;/span&gt;
    &lt;a href=&#34;#impacts-of-dredging&#34; class=&#34;subheading-anchor&#34; aria-label=&#34;Permalink for this section&#34;&gt;&lt;/a&gt;&lt;/h2&gt;&lt;p&gt;Sand and gravel dredging is a highly regulated activity. Dredging permits are required from government agencies to ensure that dredging operations are conducted in a safe and environmentally sound manner.&lt;/p&gt;
&lt;p&gt;Environmental impacts of sand and gravel dredging
Sand and gravel dredging can have a number of environmental impacts, including:&lt;/p&gt;
&lt;h3&gt;Habitat destruction:&lt;span class=&#34;absolute -mt-20&#34; id=&#34;habitat-destruction&#34;&gt;&lt;/span&gt;
    &lt;a href=&#34;#habitat-destruction&#34; class=&#34;subheading-anchor&#34; aria-label=&#34;Permalink for this section&#34;&gt;&lt;/a&gt;&lt;/h3&gt;&lt;p&gt;Dredging can destroy aquatic habitats and disrupt the food chain.&lt;/p&gt;
&lt;h3&gt;Water quality degradation:&lt;span class=&#34;absolute -mt-20&#34; id=&#34;water-quality-degradation&#34;&gt;&lt;/span&gt;
    &lt;a href=&#34;#water-quality-degradation&#34; class=&#34;subheading-anchor&#34; aria-label=&#34;Permalink for this section&#34;&gt;&lt;/a&gt;&lt;/h3&gt;&lt;p&gt;Dredging can resuspend sediments in the water, which can reduce water quality and harm aquatic life.&lt;/p&gt;
&lt;h3&gt;Increased turbidity:&lt;span class=&#34;absolute -mt-20&#34; id=&#34;increased-turbidity&#34;&gt;&lt;/span&gt;
    &lt;a href=&#34;#increased-turbidity&#34; class=&#34;subheading-anchor&#34; aria-label=&#34;Permalink for this section&#34;&gt;&lt;/a&gt;&lt;/h3&gt;&lt;p&gt;Dredging can increase the turbidity of the water, which can reduce visibility for aquatic animals and make it difficult for them to find food.&lt;/p&gt;
&lt;h3&gt;Noise pollution:&lt;span class=&#34;absolute -mt-20&#34; id=&#34;noise-pollution&#34;&gt;&lt;/span&gt;
    &lt;a href=&#34;#noise-pollution&#34; class=&#34;subheading-anchor&#34; aria-label=&#34;Permalink for this section&#34;&gt;&lt;/a&gt;&lt;/h3&gt;&lt;p&gt;Dredging operations can produce a lot of noise, which can disturb marine life and coastal communities.&lt;/p&gt;
&lt;p&gt;To minimize the environmental impacts of sand and gravel dredging, it is important to follow best practices, such as:&lt;/p&gt;
&lt;ol&gt;
&lt;li&gt;
&lt;p&gt;Dredging only when necessary: Dredging should only be conducted when there is a clear need for the sand and gravel.&lt;/p&gt;
&lt;/li&gt;
&lt;li&gt;
&lt;p&gt;Using the appropriate dredging equipment: The appropriate dredging equipment should be used to minimize the disturbance to the environment.&lt;/p&gt;
&lt;/li&gt;
&lt;li&gt;
&lt;p&gt;Dredging at the appropriate time of year: Dredging should be conducted at the time of year when it will have the least impact on aquatic life.&lt;/p&gt;
&lt;/li&gt;
&lt;li&gt;
&lt;p&gt;Restoring dredged areas: Dredged areas should be restored to their original condition as soon as possible.&lt;/p&gt;
&lt;/li&gt;
&lt;/ol&gt;
&lt;h2&gt;Conclusion&lt;span class=&#34;absolute -mt-20&#34; id=&#34;conclusion&#34;&gt;&lt;/span&gt;
    &lt;a href=&#34;#conclusion&#34; class=&#34;subheading-anchor&#34; aria-label=&#34;Permalink for this section&#34;&gt;&lt;/a&gt;&lt;/h2&gt;&lt;p&gt;Sand and gravel dredging is an important activity that provides essential materials for construction and industry. However, it is important to conduct dredging operations in a safe and environmentally sound manner.&lt;/p&gt;

      </description>
    </item>
    
    <item>
      <title>Seabed Sampling</title>
      <link>https://anirbanmarine.in/docs/partc/em301/marineres/minerals/seabedsample/</link>
      <pubDate>Mon, 01 Jan 0001 00:00:00 +0000</pubDate>
      
      <guid>https://anirbanmarine.in/docs/partc/em301/marineres/minerals/seabedsample/</guid>
      <description>
        
        
        &lt;h2&gt;Definition&lt;span class=&#34;absolute -mt-20&#34; id=&#34;definition&#34;&gt;&lt;/span&gt;
    &lt;a href=&#34;#definition&#34; class=&#34;subheading-anchor&#34; aria-label=&#34;Permalink for this section&#34;&gt;&lt;/a&gt;&lt;/h2&gt;&lt;p&gt;Seabed sampling is the process of collecting sediment and rock samples from the ocean floor.&lt;/p&gt;
&lt;h2&gt;Seabed samples are collected for a variety of purposes, including:&lt;span class=&#34;absolute -mt-20&#34; id=&#34;seabed-samples-are-collected-for-a-variety-of-purposes-including&#34;&gt;&lt;/span&gt;
    &lt;a href=&#34;#seabed-samples-are-collected-for-a-variety-of-purposes-including&#34; class=&#34;subheading-anchor&#34; aria-label=&#34;Permalink for this section&#34;&gt;&lt;/a&gt;&lt;/h2&gt;&lt;h3&gt;To study the composition and distribution of seabed sediments:&lt;span class=&#34;absolute -mt-20&#34; id=&#34;to-study-the-composition-and-distribution-of-seabed-sediments&#34;&gt;&lt;/span&gt;
    &lt;a href=&#34;#to-study-the-composition-and-distribution-of-seabed-sediments&#34; class=&#34;subheading-anchor&#34; aria-label=&#34;Permalink for this section&#34;&gt;&lt;/a&gt;&lt;/h3&gt;&lt;p&gt;This information can be used to understand the geological history of an area, as well as to identify potential resources, such as minerals and oil and gas.&lt;/p&gt;
&lt;h3&gt;To monitor the environmental health of the ocean:&lt;span class=&#34;absolute -mt-20&#34; id=&#34;to-monitor-the-environmental-health-of-the-ocean&#34;&gt;&lt;/span&gt;
    &lt;a href=&#34;#to-monitor-the-environmental-health-of-the-ocean&#34; class=&#34;subheading-anchor&#34; aria-label=&#34;Permalink for this section&#34;&gt;&lt;/a&gt;&lt;/h3&gt;&lt;p&gt;Seabed samples can be analyzed for contaminants, such as heavy metals and pesticides. This information can be used to identify and track pollution sources, as well as to assess the impact of human activities on the marine environment.&lt;/p&gt;
&lt;h3&gt;To support engineering projects:&lt;span class=&#34;absolute -mt-20&#34; id=&#34;to-support-engineering-projects&#34;&gt;&lt;/span&gt;
    &lt;a href=&#34;#to-support-engineering-projects&#34; class=&#34;subheading-anchor&#34; aria-label=&#34;Permalink for this section&#34;&gt;&lt;/a&gt;&lt;/h3&gt;&lt;p&gt;Seabed samples can be analyzed to determine the suitability of the seabed for construction projects, such as bridges and pipelines.&lt;/p&gt;
&lt;h2&gt;Seabed Sampling Methods&lt;span class=&#34;absolute -mt-20&#34; id=&#34;seabed-sampling-methods&#34;&gt;&lt;/span&gt;
    &lt;a href=&#34;#seabed-sampling-methods&#34; class=&#34;subheading-anchor&#34; aria-label=&#34;Permalink for this section&#34;&gt;&lt;/a&gt;&lt;/h2&gt;&lt;p&gt;There are a variety of different seabed sampling methods, each with its own advantages and disadvantages. Some of the most common seabed sampling methods include:&lt;/p&gt;
&lt;ol&gt;
&lt;li&gt;
&lt;p&gt;Grab samplers: Grab samplers are used to collect samples of the surface sediment layer. They typically consist of a metal bucket that is attached to a wire rope and lowered to the seabed. When the bucket reaches the seabed, it is closed and then retrieved to the surface.&lt;/p&gt;
&lt;/li&gt;
&lt;li&gt;
&lt;p&gt;Corers: Corers are used to collect samples of the sediment column. They typically consist of a long metal tube that is attached to a wire rope and lowered to the seabed. When the corer reaches the seabed, it is pushed into the sediment. The corer is then retrieved to the surface, and the sediment sample is removed from the tube.&lt;/p&gt;
&lt;/li&gt;
&lt;li&gt;
&lt;p&gt;Dredges: Dredges are used to collect large samples of sediment and rock from the seabed. They typically consist of a bucket or scoop that is attached to a wire rope and lowered to the seabed. The dredge is then dragged across the seabed to collect the sample.&lt;/p&gt;
&lt;/li&gt;
&lt;/ol&gt;
&lt;p&gt;The best seabed sampling method for a particular application depends on the type of sample required, the depth of the water, and the seabed conditions.&lt;/p&gt;
&lt;p&gt;Seabed sampling is an important tool for studying the ocean and its resources. By collecting and analyzing seabed samples, we can learn more about the geological history of the ocean, identify potential resources, monitor environmental health, and support engineering projects.&lt;/p&gt;

      </description>
    </item>
    
    <item>
      <title>Seismic and Sonar Profiling</title>
      <link>https://anirbanmarine.in/docs/partc/em301/marineres/minerals/seismicsonarprofiling/</link>
      <pubDate>Mon, 01 Jan 0001 00:00:00 +0000</pubDate>
      
      <guid>https://anirbanmarine.in/docs/partc/em301/marineres/minerals/seismicsonarprofiling/</guid>
      <description>
        
        
        &lt;h2&gt;Definition&lt;span class=&#34;absolute -mt-20&#34; id=&#34;definition&#34;&gt;&lt;/span&gt;
    &lt;a href=&#34;#definition&#34; class=&#34;subheading-anchor&#34; aria-label=&#34;Permalink for this section&#34;&gt;&lt;/a&gt;&lt;/h2&gt;&lt;p&gt;Seismic and sonar profiling are two types of geophysical surveying techniques that are used to image the subsurface of the Earth.&lt;/p&gt;
&lt;h2&gt;Functioning&lt;span class=&#34;absolute -mt-20&#34; id=&#34;functioning&#34;&gt;&lt;/span&gt;
    &lt;a href=&#34;#functioning&#34; class=&#34;subheading-anchor&#34; aria-label=&#34;Permalink for this section&#34;&gt;&lt;/a&gt;&lt;/h2&gt;&lt;h3&gt;Seismic profiling&lt;span class=&#34;absolute -mt-20&#34; id=&#34;seismic-profiling&#34;&gt;&lt;/span&gt;
    &lt;a href=&#34;#seismic-profiling&#34; class=&#34;subheading-anchor&#34; aria-label=&#34;Permalink for this section&#34;&gt;&lt;/a&gt;&lt;/h3&gt;&lt;p&gt;uses sound waves to generate images of the subsurface. Seismic waves are generated by a source, such as an explosive charge or a vibroseis truck, and they travel through the subsurface at different speeds depending on the density and elasticity of the rocks they encounter. The waves are reflected back to the surface by different layers of rock, and these reflections are detected by receivers, such as geophones. The data from the receivers is then processed to create an image of the subsurface.&lt;/p&gt;
&lt;h3&gt;Sonar profiling&lt;span class=&#34;absolute -mt-20&#34; id=&#34;sonar-profiling&#34;&gt;&lt;/span&gt;
    &lt;a href=&#34;#sonar-profiling&#34; class=&#34;subheading-anchor&#34; aria-label=&#34;Permalink for this section&#34;&gt;&lt;/a&gt;&lt;/h3&gt;&lt;p&gt;uses sound waves to image the subsurface of water bodies. Sonar waves are generated by a transducer and they travel through the water at a constant speed. The waves are reflected back to the transducer by different objects in the water, such as the seabed, fish, and other vessels. The data from the transducer is then processed to create an image of the subsurface.&lt;/p&gt;
&lt;h2&gt;Seismic and sonar profiling are used in a variety of applications, including:&lt;span class=&#34;absolute -mt-20&#34; id=&#34;seismic-and-sonar-profiling-are-used-in-a-variety-of-applications-including&#34;&gt;&lt;/span&gt;
    &lt;a href=&#34;#seismic-and-sonar-profiling-are-used-in-a-variety-of-applications-including&#34; class=&#34;subheading-anchor&#34; aria-label=&#34;Permalink for this section&#34;&gt;&lt;/a&gt;&lt;/h2&gt;&lt;ol&gt;
&lt;li&gt;Oil and gas exploration: Seismic profiling is used to identify and map geological structures that may contain oil and gas deposits.&lt;/li&gt;
&lt;li&gt;Mineral exploration: Seismic and sonar profiling are used to identify and map mineral deposits.&lt;/li&gt;
&lt;li&gt;Geotechnical engineering: Seismic and sonar profiling are used to assess the stability of the ground for construction projects.&lt;/li&gt;
&lt;li&gt;Environmental monitoring: Seismic and sonar profiling are used to monitor the subsurface for environmental hazards, such as sinkholes and landslides.&lt;/li&gt;
&lt;/ol&gt;
&lt;h2&gt;Advantages and disadvantages of seismic and sonar profiling&lt;span class=&#34;absolute -mt-20&#34; id=&#34;advantages-and-disadvantages-of-seismic-and-sonar-profiling&#34;&gt;&lt;/span&gt;
    &lt;a href=&#34;#advantages-and-disadvantages-of-seismic-and-sonar-profiling&#34; class=&#34;subheading-anchor&#34; aria-label=&#34;Permalink for this section&#34;&gt;&lt;/a&gt;&lt;/h2&gt;&lt;h3&gt;Advantages&lt;span class=&#34;absolute -mt-20&#34; id=&#34;advantages&#34;&gt;&lt;/span&gt;
    &lt;a href=&#34;#advantages&#34; class=&#34;subheading-anchor&#34; aria-label=&#34;Permalink for this section&#34;&gt;&lt;/a&gt;&lt;/h3&gt;&lt;ol&gt;
&lt;li&gt;Seismic and sonar profiling can be used to image the subsurface at great depths.&lt;/li&gt;
&lt;li&gt;Seismic and sonar profiling can be used to image the subsurface in a variety of environments, including on land and in water bodies.&lt;/li&gt;
&lt;li&gt;Seismic and sonar profiling can be used to generate high-resolution images of the subsurface.&lt;/li&gt;
&lt;/ol&gt;
&lt;h3&gt;Disadvantages&lt;span class=&#34;absolute -mt-20&#34; id=&#34;disadvantages&#34;&gt;&lt;/span&gt;
    &lt;a href=&#34;#disadvantages&#34; class=&#34;subheading-anchor&#34; aria-label=&#34;Permalink for this section&#34;&gt;&lt;/a&gt;&lt;/h3&gt;&lt;ol&gt;
&lt;li&gt;Seismic profiling can be expensive and time-consuming.&lt;/li&gt;
&lt;li&gt;Seismic profiling can be disruptive to the environment.&lt;/li&gt;
&lt;li&gt;Sonar profiling can be affected by the turbidity of the water.&lt;/li&gt;
&lt;/ol&gt;
&lt;h2&gt;Conclusion&lt;span class=&#34;absolute -mt-20&#34; id=&#34;conclusion&#34;&gt;&lt;/span&gt;
    &lt;a href=&#34;#conclusion&#34; class=&#34;subheading-anchor&#34; aria-label=&#34;Permalink for this section&#34;&gt;&lt;/a&gt;&lt;/h2&gt;&lt;p&gt;Seismic and sonar profiling are powerful tools that can be used to image the subsurface of the Earth. These techniques are used in a variety of applications, including oil and gas exploration, mineral exploration, geotechnical engineering, and environmental monitoring.&lt;/p&gt;

      </description>
    </item>
    
  </channel>
</rss>
